"person_id","drug_group","index_date","n_exposures"
1,"Antiplatelet",1970-12-03,3
1,"NSAID",1978-06-22,2
2,"Anticoagulant",2007-09-04,1
2,"Antiplatelet",1920-07-01,6
2,"NSAID",1956-12-04,3
3,"Anticoagulant",2001-07-23,1
3,"Antiplatelet",1923-12-22,3
3,"NSAID",1957-12-08,3
5,"Antiplatelet",1990-03-31,1
5,"NSAID",2009-05-30,2
6,"Antiplatelet",1965-06-23,4
6,"NSAID",1976-05-01,4
7,"Antiplatelet",1968-12-06,2
7,"NSAID",2008-10-17,1
9,"NSAID",2008-06-10,4
11,"Antiplatelet",1960-06-26,4
11,"NSAID",1987-06-15,3
12,"Antiplatelet",1967-10-23,5
12,"NSAID",1997-02-26,2
16,"Antiplatelet",1972-04-10,3
16,"NSAID",2004-01-21,3
17,"Antiplatelet",1951-04-10,3
17,"NSAID",1989-11-21,2
18,"NSAID",1998-10-07,2
19,"Anticoagulant",2011-04-10,1
19,"NSAID",1981-11-08,3
23,"NSAID",2012-05-11,1
28,"Antiplatelet",1991-06-30,1
28,"NSAID",2015-05-10,1
30,"Antiplatelet",1972-04-06,3
30,"NSAID",2002-05-11,2
32,"Antiplatelet",1947-08-07,3
32,"NSAID",1987-04-04,2
35,"Antiplatelet",1993-04-28,1
35,"NSAID",1997-05-02,1
36,"Anticoagulant",2018-01-09,1
36,"Antiplatelet",1959-04-19,3
36,"NSAID",1993-05-30,3
38,"NSAID",2006-05-20,1
40,"Antiplatelet",1952-11-29,4
40,"NSAID",1993-07-12,4
41,"NSAID",1990-01-18,2
42,"Antiplatelet",1914-07-09,5
42,"NSAID",1950-05-16,1
43,"Antiplatelet",1957-03-17,2
43,"NSAID",1994-11-12,2
49,"Antiplatelet",1976-11-13,3
49,"NSAID",1992-12-15,2
53,"Antiplatelet",1965-05-01,3
53,"NSAID",1974-05-05,2
57,"Antiplatelet",1971-02-27,2
57,"NSAID",1976-08-13,3
61,"Antiplatelet",1968-08-18,2
61,"NSAID",1988-10-12,3
63,"Antiplatelet",1956-10-10,5
63,"NSAID",1992-07-28,2
64,"NSAID",1976-06-14,4
65,"Antiplatelet",1969-06-18,1
65,"NSAID",2009-06-03,2
66,"Antiplatelet",1959-04-23,2
66,"NSAID",1975-09-26,4
67,"NSAID",2011-08-29,1
69,"Antiplatelet",1947-11-05,2
69,"NSAID",1984-08-02,1
70,"Antiplatelet",1982-08-17,1
70,"NSAID",1983-06-27,1
72,"Antiplatelet",1964-11-11,1
72,"NSAID",1984-12-26,2
74,"NSAID",2015-08-12,1
78,"Antiplatelet",1967-07-04,2
78,"NSAID",1978-09-25,2
79,"Antiplatelet",1947-10-17,3
79,"NSAID",1988-12-05,2
80,"Antiplatelet",1938-08-01,2
80,"NSAID",1974-09-16,2
81,"Antiplatelet",1963-09-11,1
81,"NSAID",1997-04-30,1
82,"NSAID",1995-12-03,1
84,"NSAID",1975-04-08,3
86,"Antiplatelet",1961-03-15,2
86,"NSAID",1988-09-02,3
90,"Antiplatelet",1975-11-10,1
90,"NSAID",1997-06-02,2
94,"Antiplatelet",1954-05-17,2
94,"NSAID",1978-01-30,3
95,"Antiplatelet",1962-04-05,1
95,"NSAID",1993-06-06,2
96,"Antiplatelet",1931-07-24,4
96,"NSAID",1963-04-02,3
97,"NSAID",1986-03-25,5
99,"Antiplatelet",1959-08-21,2
99,"NSAID",2000-01-03,3
101,"Anticoagulant",2010-06-25,1
101,"Antiplatelet",1955-06-20,3
101,"NSAID",1965-05-28,5
102,"Antiplatelet",1991-08-20,1
102,"NSAID",1994-06-10,2
103,"NSAID",2008-06-01,1
105,"Antiplatelet",2000-06-09,1
105,"NSAID",1982-02-12,2
110,"NSAID",2003-07-23,3
111,"NSAID",2012-02-07,2
114,"Antiplatelet",2004-11-22,1
114,"NSAID",1988-08-14,2
115,"Antiplatelet",1961-07-07,2
115,"NSAID",2001-04-04,2
116,"Antiplatelet",1927-07-05,4
116,"NSAID",1970-02-14,2
117,"NSAID",2009-01-13,1
119,"Antiplatelet",1967-05-28,1
119,"NSAID",1995-05-01,3
120,"Antiplatelet",1992-11-10,1
120,"NSAID",1978-12-15,4
123,"Antiplatelet",1962-07-08,2
123,"NSAID",1986-03-24,1
124,"Antiplatelet",1993-11-13,1
124,"NSAID",2001-05-06,2
126,"Antiplatelet",1950-04-06,3
126,"NSAID",1989-09-03,2
129,"Antiplatelet",1975-08-03,2
129,"NSAID",2014-03-21,1
133,"NSAID",1988-11-03,2
135,"NSAID",2009-11-27,1
137,"Antiplatelet",1972-08-23,1
137,"NSAID",1974-03-16,4
140,"Antiplatelet",1970-05-31,1
140,"NSAID",2003-11-14,1
141,"NSAID",2013-09-23,2
143,"Antiplatelet",1965-11-26,1
143,"NSAID",1999-01-17,2
144,"Antiplatelet",1978-10-30,1
144,"NSAID",2011-12-01,1
145,"Antiplatelet",1952-02-27,2
145,"NSAID",1982-06-01,3
148,"Antiplatelet",1980-09-04,1
148,"NSAID",1995-06-02,4
149,"Antiplatelet",1942-06-15,2
149,"NSAID",1982-10-23,1
152,"Anticoagulant",1973-12-15,1
152,"NSAID",1995-03-03,2
153,"Antiplatelet",1943-10-08,4
153,"NSAID",1984-05-15,2
154,"NSAID",1979-05-29,2
155,"Antiplatelet",1958-12-12,1
155,"NSAID",1985-09-21,2
156,"NSAID",2013-08-19,2
158,"Antiplatelet",1948-10-25,4
158,"NSAID",1983-11-11,2
159,"Antiplatelet",1955-08-12,4
159,"NSAID",1976-05-19,4
160,"Antiplatelet",1964-03-13,1
160,"NSAID",2006-02-01,1
161,"NSAID",1990-07-20,6
162,"Antiplatelet",1940-07-14,1
162,"NSAID",1972-04-07,4
163,"Antiplatelet",1968-04-18,2
163,"NSAID",1999-08-30,2
164,"Antiplatelet",1967-12-24,1
164,"NSAID",2000-10-31,3
165,"NSAID",2006-10-21,1
170,"NSAID",1998-04-04,3
171,"NSAID",1979-09-10,4
173,"Antiplatelet",1977-11-02,1
173,"NSAID",2003-07-04,1
176,"Antiplatelet",1971-07-22,1
176,"NSAID",1990-08-02,2
177,"Antiplatelet",2009-11-08,1
177,"NSAID",2000-05-31,4
180,"NSAID",1979-03-12,2
181,"NSAID",2010-08-28,1
182,"NSAID",1995-05-17,1
183,"Antiplatelet",1979-02-25,1
183,"NSAID",1981-05-04,2
184,"NSAID",1984-07-07,4
185,"Antiplatelet",1947-04-07,5
185,"NSAID",1986-01-22,1
186,"NSAID",2005-02-25,3
187,"Antiplatelet",1947-04-13,5
187,"NSAID",1984-11-29,2
188,"NSAID",1975-09-11,3
189,"Antiplatelet",1970-01-08,1
189,"NSAID",1992-03-18,2
190,"Antiplatelet",1930-08-07,3
190,"NSAID",1969-01-19,4
191,"Antiplatelet",1924-02-11,3
191,"NSAID",1960-04-07,2
192,"Antiplatelet",1944-04-24,4
192,"NSAID",1981-10-27,2
194,"NSAID",2015-01-31,1
195,"Antiplatelet",1959-01-11,1
195,"NSAID",1993-09-24,2
196,"Antiplatelet",1957-06-02,3
196,"NSAID",2000-09-19,1
197,"Antiplatelet",1973-01-11,2
197,"NSAID",1996-07-31,1
199,"Antiplatelet",1942-04-27,3
199,"NSAID",1983-04-07,2
202,"Antiplatelet",1940-05-02,4
202,"NSAID",1982-02-16,2
207,"Antiplatelet",1941-03-19,2
207,"NSAID",1975-07-29,2
209,"NSAID",1988-07-08,2
211,"Antiplatelet",1973-02-12,1
211,"NSAID",2009-02-13,1
212,"NSAID",1980-04-14,4
213,"NSAID",2003-09-09,2
217,"Antiplatelet",1979-08-15,1
217,"NSAID",2017-07-11,1
219,"NSAID",2005-11-01,1
220,"NSAID",1982-10-31,3
222,"Antiplatelet",1953-09-03,4
222,"NSAID",1988-02-22,2
224,"Antiplatelet",1944-11-01,2
224,"NSAID",1977-02-21,3
225,"Antiplatelet",1965-11-30,2
225,"NSAID",2005-07-13,1
227,"Antiplatelet",1974-04-04,1
227,"NSAID",2009-11-01,3
232,"Antiplatelet",1947-08-18,5
232,"NSAID",1982-12-07,2
235,"Antiplatelet",1984-06-24,1
235,"NSAID",2000-10-03,2
236,"Antiplatelet",1956-06-10,1
236,"NSAID",1990-10-28,2
239,"Antiplatelet",1947-07-17,5
239,"NSAID",1992-04-26,1
244,"Antiplatelet",1926-05-07,2
244,"NSAID",1966-06-06,1
245,"Antiplatelet",1917-03-15,4
245,"NSAID",1954-06-24,3
246,"Antiplatelet",1961-11-15,2
246,"NSAID",1981-06-06,2
248,"Antiplatelet",1975-06-17,1
248,"NSAID",1982-11-07,3
249,"NSAID",2004-11-19,3
250,"Antiplatelet",1975-01-09,2
250,"NSAID",2008-12-26,1
254,"Antiplatelet",1992-12-10,2
254,"NSAID",1985-06-05,1
260,"Antiplatelet",1969-10-10,2
260,"NSAID",1986-04-28,3
262,"NSAID",1999-12-13,2
263,"Anticoagulant",2016-08-28,1
263,"Antiplatelet",1957-06-04,3
263,"NSAID",1991-03-28,2
264,"Antiplatelet",1952-06-21,5
264,"NSAID",1984-04-04,5
266,"Antiplatelet",1971-09-17,1
266,"NSAID",2006-10-04,2
268,"Antiplatelet",1967-11-18,2
268,"NSAID",2004-01-28,1
270,"Antiplatelet",1958-12-01,3
270,"NSAID",1995-05-16,2
273,"NSAID",2001-09-27,4
276,"NSAID",2013-01-16,1
277,"Antiplatelet",2005-11-29,1
277,"NSAID",2001-01-05,1
279,"Antiplatelet",1952-08-26,4
279,"NSAID",1991-05-09,2
280,"Antiplatelet",1946-10-16,4
280,"NSAID",1975-01-07,4
283,"NSAID",1986-12-29,5
285,"NSAID",2006-07-30,2
286,"Antiplatelet",1929-01-30,2
286,"NSAID",1970-08-08,7
287,"NSAID",1995-03-05,2
289,"Antiplatelet",1962-11-12,1
289,"NSAID",1992-12-22,2
292,"NSAID",1978-07-30,2
293,"NSAID",2006-12-22,2
295,"NSAID",1993-06-19,3
297,"NSAID",1986-07-13,2
298,"Antiplatelet",1968-05-05,2
298,"NSAID",1990-02-18,3
299,"Anticoagulant",2018-06-30,1
299,"NSAID",2000-07-22,1
300,"NSAID",2004-02-05,2
304,"NSAID",1998-03-18,2
307,"Antiplatelet",1979-10-27,1
307,"NSAID",1981-08-17,5
308,"Antiplatelet",1962-02-05,3
308,"NSAID",1999-02-26,1
310,"Antiplatelet",1951-09-06,3
310,"NSAID",1984-02-25,2
311,"NSAID",2004-08-24,3
312,"NSAID",1985-01-15,3
316,"Antiplatelet",1927-10-01,4
316,"NSAID",1962-09-12,2
318,"Antiplatelet",1955-01-24,2
318,"NSAID",1994-12-10,2
320,"Antiplatelet",1957-11-10,5
320,"NSAID",1995-08-28,3
321,"Antiplatelet",1962-05-11,2
321,"NSAID",2003-06-20,1
326,"Antiplatelet",1973-03-17,1
326,"NSAID",1995-06-20,2
327,"Antiplatelet",1972-12-22,2
327,"NSAID",2010-09-30,2
328,"NSAID",2014-04-13,1
331,"Anticoagulant",1997-04-18,1
331,"Antiplatelet",1936-10-23,4
331,"NSAID",1974-11-08,2
332,"Antiplatelet",1972-08-25,2
332,"NSAID",2007-05-19,1
334,"Antiplatelet",1937-03-26,5
334,"NSAID",1972-10-18,4
335,"NSAID",2003-04-29,2
337,"Antiplatelet",1960-01-21,3
337,"NSAID",1997-07-30,3
338,"Antiplatelet",1969-02-07,1
338,"NSAID",2001-08-03,1
339,"Antiplatelet",1990-02-03,1
339,"NSAID",1984-10-02,3
340,"Antiplatelet",1963-11-14,1
340,"NSAID",1995-06-24,3
341,"Antiplatelet",1963-03-28,1
341,"NSAID",1995-08-27,1
343,"Antiplatelet",1971-11-22,1
343,"NSAID",2005-09-09,1
347,"NSAID",1982-10-11,3
348,"NSAID",1977-08-16,4
349,"NSAID",1994-02-08,3
350,"Anticoagulant",1995-09-11,1
350,"Antiplatelet",1965-05-19,3
350,"NSAID",1984-02-23,3
351,"NSAID",2018-06-07,1
352,"Antiplatelet",1978-06-13,3
352,"NSAID",1988-08-17,3
354,"NSAID",1989-12-12,2
357,"Antiplatelet",1956-03-06,2
357,"NSAID",1977-06-28,4
358,"Antiplatelet",1944-12-29,2
358,"NSAID",1976-10-02,1
359,"NSAID",2014-10-28,1
362,"Antiplatelet",1989-10-06,1
362,"NSAID",1982-07-15,4
363,"Antiplatelet",1965-08-01,2
363,"NSAID",1996-01-24,4
364,"Antiplatelet",1947-10-20,2
364,"NSAID",1983-08-07,2
366,"Antiplatelet",1912-01-15,2
366,"NSAID",1944-08-29,2
368,"NSAID",2004-11-16,1
369,"Antiplatelet",1982-03-22,1
369,"NSAID",1982-01-21,2
370,"Antiplatelet",1965-08-19,2
370,"NSAID",2000-01-08,1
371,"NSAID",2008-05-11,1
372,"Antiplatelet",1968-02-06,1
372,"NSAID",2004-10-14,3
374,"NSAID",1995-01-23,2
376,"Antiplatelet",1964-03-12,3
376,"NSAID",1999-07-07,3
377,"Antiplatelet",1971-10-09,2
377,"NSAID",2003-02-13,1
379,"NSAID",1977-02-16,3
380,"NSAID",2012-06-14,1
384,"NSAID",1996-05-11,2
387,"Antiplatelet",1977-12-22,1
387,"NSAID",1987-07-19,3
388,"Antiplatelet",1957-08-20,2
388,"NSAID",1988-10-25,2
390,"NSAID",1980-04-09,2
392,"NSAID",1978-03-20,3
393,"NSAID",1997-07-13,1
394,"Antiplatelet",1922-03-21,3
394,"NSAID",1957-06-10,1
395,"Antiplatelet",1961-11-07,3
395,"NSAID",1998-04-27,1
398,"Antiplatelet",1925-12-22,5
398,"NSAID",1962-03-08,1
399,"Antiplatelet",1957-03-23,3
399,"NSAID",1997-05-07,1
403,"Anticoagulant",1992-12-28,1
403,"Antiplatelet",1922-07-27,8
403,"NSAID",1962-01-03,4
404,"Antiplatelet",1962-06-04,1
404,"NSAID",1983-01-20,2
406,"Antiplatelet",1952-09-16,1
406,"NSAID",1996-06-27,2
408,"NSAID",2004-07-16,2
409,"Antiplatelet",1955-10-10,1
409,"NSAID",1980-10-28,5
410,"Antiplatelet",1951-04-24,1
410,"NSAID",1986-12-16,3
411,"Antiplatelet",1980-08-29,1
411,"NSAID",1981-10-23,2
412,"Antiplatelet",1955-03-17,2
412,"NSAID",1993-09-22,1
418,"Antiplatelet",1964-01-20,3
418,"NSAID",1996-02-01,2
419,"Antiplatelet",1913-10-17,9
419,"NSAID",1954-08-08,2
421,"Antiplatelet",1972-03-10,2
421,"NSAID",2001-04-28,1
422,"Antiplatelet",1967-01-28,1
422,"NSAID",2000-12-20,1
426,"Antiplatelet",1969-09-02,1
426,"NSAID",2011-01-22,1
430,"Antiplatelet",1931-09-18,4
430,"NSAID",1972-10-27,2
431,"NSAID",1985-01-06,3
432,"Anticoagulant",2014-06-23,1
432,"Antiplatelet",1934-12-08,1
432,"NSAID",1973-01-07,1
437,"Antiplatelet",1947-06-07,2
437,"NSAID",1987-07-22,3
439,"NSAID",2002-10-18,3
440,"Antiplatelet",1974-06-06,1
440,"NSAID",2006-01-06,2
442,"Antiplatelet",1952-02-28,1
442,"NSAID",1985-09-02,3
443,"Antiplatelet",1970-01-10,1
443,"NSAID",1983-02-01,5
445,"Antiplatelet",1915-09-01,4
445,"NSAID",1953-11-30,1
449,"Antiplatelet",1976-03-03,1
449,"NSAID",1993-08-11,1
450,"Antiplatelet",1981-07-25,1
450,"NSAID",2005-03-10,2
452,"Antiplatelet",1964-10-26,2
452,"NSAID",2002-04-15,3
453,"Antiplatelet",1971-04-10,3
453,"NSAID",2004-02-05,2
454,"Anticoagulant",2005-03-05,1
454,"Antiplatelet",1935-07-30,3
454,"NSAID",1970-09-09,4
455,"Antiplatelet",1954-04-22,2
455,"NSAID",1986-08-15,3
457,"NSAID",1986-03-28,4
458,"Antiplatelet",1973-03-11,1
458,"NSAID",2007-06-21,2
459,"Antiplatelet",1975-05-07,1
459,"NSAID",1984-12-20,4
461,"Antiplatelet",1950-06-17,3
461,"NSAID",1985-01-04,2
462,"NSAID",2014-08-28,1
464,"NSAID",2014-10-23,2
469,"Anticoagulant",2013-09-28,1
469,"Antiplatelet",1936-03-29,5
469,"NSAID",1977-02-02,1
470,"Antiplatelet",1955-11-07,5
470,"NSAID",1989-06-26,1
471,"NSAID",2016-12-16,2
472,"NSAID",1992-06-29,3
474,"NSAID",1978-03-23,3
476,"Antiplatelet",1972-06-21,1
476,"NSAID",1992-06-27,2
479,"Antiplatelet",1943-01-04,3
479,"NSAID",1979-12-01,3
480,"Antiplatelet",1937-10-16,3
480,"NSAID",1983-06-22,2
482,"Antiplatelet",1971-11-12,2
482,"NSAID",2008-09-28,1
484,"Antiplatelet",1939-08-26,4
484,"NSAID",1974-06-18,3
486,"NSAID",1999-03-14,1
487,"Antiplatelet",1971-03-14,1
487,"NSAID",2000-01-26,1
488,"Antiplatelet",1956-06-22,3
488,"NSAID",1993-12-10,2
489,"NSAID",1999-09-07,3
492,"Antiplatelet",1949-09-28,4
492,"NSAID",1986-06-16,3
495,"NSAID",2001-10-13,2
498,"NSAID",2010-06-09,1
499,"Antiplatelet",1961-12-09,1
499,"NSAID",1997-08-02,1
500,"Antiplatelet",1962-03-18,3
500,"NSAID",1998-09-25,2
502,"Anticoagulant",2011-04-02,1
502,"Antiplatelet",1953-10-06,2
502,"NSAID",1979-08-26,3
505,"Antiplatelet",1969-03-31,2
505,"NSAID",1983-10-20,4
507,"Anticoagulant",1990-08-31,1
507,"Antiplatelet",1943-06-24,2
507,"NSAID",1977-10-03,2
510,"Antiplatelet",1969-09-28,2
510,"NSAID",2008-01-10,2
512,"Antiplatelet",1955-08-13,4
512,"NSAID",1993-02-24,3
515,"Antiplatelet",1942-08-14,4
515,"NSAID",1981-03-27,2
518,"Antiplatelet",1971-01-26,3
518,"NSAID",1995-10-17,2
520,"Antiplatelet",1951-11-04,6
520,"NSAID",1988-05-18,3
525,"Anticoagulant",1952-05-22,1
525,"Antiplatelet",1955-01-03,2
525,"NSAID",1990-03-15,2
526,"Antiplatelet",1977-01-23,1
526,"NSAID",1998-11-29,3
528,"Antiplatelet",1960-07-22,1
528,"NSAID",2002-07-02,1
533,"Antiplatelet",1963-06-27,3
533,"NSAID",1997-02-03,2
534,"Antiplatelet",1983-09-09,1
534,"NSAID",1980-02-09,2
539,"Antiplatelet",1933-07-24,7
539,"NSAID",1968-12-02,1
545,"NSAID",2004-05-23,3
546,"Antiplatelet",1944-12-08,2
546,"NSAID",1981-05-28,1
549,"Antiplatelet",1953-05-26,1
549,"NSAID",1987-12-04,2
550,"Antiplatelet",1920-12-13,2
550,"NSAID",1956-07-02,2
552,"Antiplatelet",1952-03-16,3
552,"NSAID",1986-05-27,2
558,"Antiplatelet",2003-09-04,1
558,"NSAID",1977-11-04,5
559,"NSAID",1974-02-22,2
563,"Antiplatelet",1964-06-11,4
563,"NSAID",1978-01-11,2
564,"NSAID",1995-10-30,4
565,"Antiplatelet",1958-07-19,2
565,"NSAID",1994-09-28,1
569,"Antiplatelet",1915-02-11,6
569,"NSAID",1956-03-02,5
571,"Antiplatelet",1958-06-10,2
571,"NSAID",1992-01-03,1
572,"Antiplatelet",1954-01-21,1
572,"NSAID",1992-04-01,3
573,"NSAID",1988-08-13,3
576,"Antiplatelet",1969-04-17,2
576,"NSAID",1997-04-18,3
578,"NSAID",1979-10-25,3
579,"NSAID",1998-12-06,3
580,"Antiplatelet",1928-01-01,6
580,"NSAID",1962-07-16,3
582,"Antiplatelet",1959-07-02,3
582,"NSAID",1977-06-08,4
587,"NSAID",1983-10-22,2
588,"NSAID",2008-12-02,2
592,"NSAID",2007-03-09,1
596,"Antiplatelet",1949-02-11,2
596,"NSAID",1984-02-28,2
597,"Antiplatelet",1967-09-14,1
597,"NSAID",1987-01-17,4
598,"Antiplatelet",1987-02-14,1
598,"NSAID",2009-10-26,1
600,"Antiplatelet",1954-03-07,1
600,"NSAID",1987-08-21,2
601,"Antiplatelet",1972-08-02,1
601,"NSAID",1974-10-21,4
603,"Antiplatelet",1959-08-21,1
603,"NSAID",1995-12-15,3
605,"Antiplatelet",1957-01-11,1
605,"NSAID",1982-11-26,4
606,"NSAID",1992-01-19,2
607,"Antiplatelet",1954-07-27,3
607,"NSAID",1991-02-23,3
608,"Antiplatelet",1975-04-13,3
608,"NSAID",2004-10-21,3
609,"NSAID",2001-04-22,1
610,"Antiplatelet",1976-10-11,1
610,"NSAID",1995-08-24,2
613,"Antiplatelet",1937-10-05,1
613,"NSAID",1977-01-23,3
614,"Antiplatelet",1963-10-31,5
614,"NSAID",1981-04-20,2
615,"Antiplatelet",1915-03-27,2
615,"NSAID",1941-12-05,5
616,"Antiplatelet",1959-11-29,2
616,"NSAID",2000-12-08,1
621,"Anticoagulant",2015-03-18,1
621,"Antiplatelet",1915-11-04,3
621,"NSAID",1953-11-29,2
624,"Antiplatelet",1947-01-23,3
624,"NSAID",1978-04-30,2
625,"Antiplatelet",1975-05-24,1
625,"NSAID",2014-02-13,1
636,"Anticoagulant",1999-05-28,1
636,"NSAID",1982-11-19,2
639,"Antiplatelet",1955-07-07,2
639,"NSAID",1989-05-14,1
640,"Antiplatelet",1951-06-11,2
640,"NSAID",1992-11-07,3
642,"Anticoagulant",2007-09-09,1
642,"Antiplatelet",1935-10-26,7
642,"NSAID",1971-06-09,6
644,"Antiplatelet",1977-12-18,1
644,"NSAID",1976-10-16,2
648,"Antiplatelet",1933-06-14,5
648,"NSAID",1971-07-25,4
649,"Antiplatelet",1970-07-02,2
649,"NSAID",1978-04-26,2
651,"Antiplatelet",1983-04-04,2
651,"NSAID",2007-08-26,2
652,"Antiplatelet",1969-08-06,3
652,"NSAID",1986-08-07,3
653,"Antiplatelet",1954-12-21,3
653,"NSAID",1990-05-11,1
654,"NSAID",2001-07-26,1
655,"Antiplatelet",2013-03-30,1
655,"NSAID",2003-06-19,1
656,"NSAID",1999-09-27,4
662,"Antiplatelet",1961-02-17,5
662,"NSAID",1992-10-01,3
664,"Antiplatelet",1986-02-27,2
664,"NSAID",1986-10-17,3
665,"Antiplatelet",1992-02-22,1
665,"NSAID",1993-08-10,1
669,"NSAID",2004-10-07,1
670,"NSAID",1976-04-03,2
672,"NSAID",1989-04-13,2
673,"Antiplatelet",1962-09-17,1
673,"NSAID",1995-12-03,4
675,"Antiplatelet",1949-10-09,4
675,"NSAID",1984-04-03,3
677,"Antiplatelet",1965-03-13,2
677,"NSAID",1982-01-23,2
679,"NSAID",2009-02-12,1
680,"Antiplatelet",1967-10-25,3
680,"NSAID",2002-10-01,2
682,"Antiplatelet",1972-07-10,3
682,"NSAID",2008-06-26,1
685,"NSAID",2000-06-18,1
686,"Antiplatelet",1948-01-30,3
686,"NSAID",1976-01-08,3
687,"Antiplatelet",1968-06-28,3
687,"NSAID",1993-04-04,3
689,"NSAID",1995-04-14,3
691,"Antiplatelet",1961-06-21,3
691,"NSAID",1994-12-20,1
693,"Antiplatelet",1951-11-28,5
693,"NSAID",1995-08-14,2
695,"Antiplatelet",1984-12-17,1
695,"NSAID",2006-03-01,1
697,"Antiplatelet",1973-08-30,1
697,"NSAID",2000-03-21,2
700,"NSAID",2014-12-27,2
701,"Antiplatelet",1958-07-27,2
701,"NSAID",1994-10-11,3
703,"Anticoagulant",2006-01-27,1
703,"Antiplatelet",1954-05-31,2
703,"NSAID",1989-02-01,1
704,"Antiplatelet",1968-01-27,2
704,"NSAID",1994-10-26,2
709,"Antiplatelet",1949-10-01,3
709,"NSAID",1988-07-13,1
710,"Antiplatelet",1962-11-21,3
710,"NSAID",1974-10-28,2
711,"Anticoagulant",1967-01-29,1
711,"Antiplatelet",1955-05-30,1
711,"NSAID",1990-01-01,2
712,"NSAID",2003-08-07,3
715,"NSAID",2017-06-26,1
718,"Antiplatelet",1970-03-28,1
718,"NSAID",1992-09-05,3
719,"NSAID",1982-06-07,4
720,"Antiplatelet",1968-08-08,1
720,"NSAID",2000-09-04,1
722,"NSAID",2010-04-17,1
723,"Antiplatelet",1961-10-06,1
723,"NSAID",2005-01-18,2
726,"Antiplatelet",1969-02-07,1
726,"NSAID",1991-06-12,2
727,"Antiplatelet",1914-08-23,4
727,"NSAID",1947-05-12,3
728,"Antiplatelet",1970-10-14,1
728,"NSAID",1990-03-04,2
729,"Antiplatelet",1972-02-04,1
729,"NSAID",2000-04-07,1
730,"Antiplatelet",1958-10-05,5
730,"NSAID",2000-04-02,2
732,"NSAID",2015-11-19,1
733,"Antiplatelet",1948-07-29,2
733,"NSAID",1980-05-07,3
736,"NSAID",2009-10-13,2
738,"NSAID",1981-08-17,2
739,"Antiplatelet",1910-09-30,3
739,"NSAID",1947-12-15,3
741,"NSAID",1977-04-17,3
742,"Anticoagulant",2008-07-21,1
742,"Antiplatelet",1930-09-16,2
742,"NSAID",1968-02-19,1
743,"NSAID",1977-01-25,3
744,"Antiplatelet",1954-09-01,3
744,"NSAID",1994-07-01,2
747,"Antiplatelet",1985-12-24,1
747,"NSAID",1996-01-31,3
752,"Antiplatelet",1949-04-28,2
752,"NSAID",1991-03-19,1
753,"Antiplatelet",1968-08-19,2
753,"NSAID",1997-08-31,2
754,"Antiplatelet",1938-02-20,7
754,"NSAID",1973-08-05,2
755,"Antiplatelet",1970-08-08,1
755,"NSAID",1979-06-22,6
756,"Antiplatelet",1966-08-29,3
756,"NSAID",1996-08-26,2
757,"Anticoagulant",1976-01-11,1
757,"Antiplatelet",1940-10-22,1
757,"NSAID",1949-11-14,1
758,"NSAID",1974-03-20,4
759,"Anticoagulant",2003-02-19,1
759,"Antiplatelet",1946-07-27,2
759,"NSAID",1980-06-13,2
760,"NSAID",1979-05-11,2
761,"NSAID",1981-09-30,3
762,"Antiplatelet",1955-08-08,1
762,"NSAID",1996-05-19,2
763,"Antiplatelet",1970-06-05,2
763,"NSAID",1981-08-21,3
764,"NSAID",2003-12-24,1
771,"NSAID",1998-05-19,2
774,"NSAID",2006-11-05,2
775,"Antiplatelet",1940-03-10,5
775,"NSAID",1976-05-25,1
776,"Antiplatelet",1959-08-25,3
776,"NSAID",1998-01-12,2
778,"Antiplatelet",1978-07-18,1
778,"NSAID",2001-12-03,2
782,"Antiplatelet",1913-07-07,3
782,"NSAID",1944-10-27,3
784,"Antiplatelet",1992-08-06,1
784,"NSAID",2000-09-13,1
785,"Antiplatelet",1968-10-12,1
785,"NSAID",1984-12-17,2
787,"NSAID",2017-01-07,1
788,"Antiplatelet",1972-01-28,2
788,"NSAID",1985-09-16,3
789,"NSAID",1991-02-22,3
793,"NSAID",2010-05-14,2
795,"Antiplatelet",1937-04-16,2
795,"NSAID",1982-08-23,2
800,"NSAID",1984-02-22,4
806,"Antiplatelet",1962-01-03,1
806,"NSAID",1997-12-05,3
807,"Antiplatelet",1964-09-04,1
807,"NSAID",1994-09-22,3
812,"NSAID",2004-12-14,1
814,"NSAID",2019-05-24,1
817,"Antiplatelet",1958-02-10,3
817,"NSAID",1999-07-20,3
820,"Antiplatelet",1970-03-12,1
820,"NSAID",1982-06-17,2
821,"Antiplatelet",1951-08-26,2
821,"NSAID",1985-01-24,1
822,"NSAID",2013-09-21,1
823,"Antiplatelet",1949-10-25,2
823,"NSAID",1979-01-26,3
825,"Antiplatelet",1971-01-10,3
825,"NSAID",2011-02-14,2
826,"NSAID",1991-06-29,3
828,"Antiplatelet",1965-06-14,3
828,"NSAID",1992-11-29,2
829,"NSAID",2010-03-30,1
830,"Antiplatelet",1961-04-14,3
830,"NSAID",1995-08-04,1
834,"Antiplatelet",1956-08-08,2
834,"NSAID",1996-08-18,2
836,"NSAID",1979-12-10,5
841,"NSAID",1991-05-26,1
842,"Antiplatelet",1912-03-16,5
842,"NSAID",1943-05-08,3
843,"Antiplatelet",1983-11-22,1
843,"NSAID",2017-09-04,1
844,"Antiplatelet",1967-12-14,1
844,"NSAID",1979-01-15,4
847,"Antiplatelet",1967-02-02,1
847,"NSAID",2011-06-11,1
850,"Antiplatelet",1949-03-09,2
850,"NSAID",1990-01-23,1
851,"NSAID",1983-06-05,2
855,"Antiplatelet",1958-03-18,3
855,"NSAID",1999-03-08,1
856,"Antiplatelet",1971-10-16,1
856,"NSAID",1984-12-28,4
857,"Antiplatelet",1954-02-20,2
857,"NSAID",1985-10-15,1
858,"NSAID",2009-09-28,1
859,"Antiplatelet",1961-02-11,2
859,"NSAID",1979-10-31,3
862,"NSAID",1977-09-23,5
863,"Anticoagulant",1981-01-29,1
863,"Antiplatelet",1922-07-14,9
863,"NSAID",1964-10-26,2
864,"Antiplatelet",1923-08-21,6
864,"NSAID",1958-05-04,3
865,"NSAID",1980-06-02,2
866,"Antiplatelet",1962-10-23,1
866,"NSAID",1998-01-17,1
867,"Antiplatelet",1931-02-18,3
867,"NSAID",1966-01-05,3
869,"Anticoagulant",1993-04-23,1
869,"Antiplatelet",1914-01-11,12
869,"NSAID",1949-11-23,2
870,"Antiplatelet",1963-07-20,2
870,"NSAID",1998-08-20,2
871,"Antiplatelet",1968-12-03,1
871,"NSAID",2001-10-25,3
877,"NSAID",2016-02-13,1
879,"Antiplatelet",1953-04-06,2
879,"NSAID",1989-02-16,2
882,"Antiplatelet",1945-04-22,3
882,"NSAID",1987-12-03,2
883,"Antiplatelet",1965-11-21,2
883,"NSAID",2003-02-25,2
884,"NSAID",1979-04-29,6
885,"Antiplatelet",1976-07-06,1
885,"NSAID",1992-12-30,3
886,"Antiplatelet",1989-01-03,1
886,"NSAID",2018-06-15,1
887,"Antiplatelet",1960-04-30,1
887,"NSAID",1989-11-29,4
890,"Antiplatelet",1961-06-17,1
890,"NSAID",1975-03-06,2
893,"Antiplatelet",1967-01-11,1
893,"NSAID",1993-09-26,3
895,"Antiplatelet",1962-11-21,4
895,"NSAID",2005-12-10,1
902,"Antiplatelet",1965-03-10,4
902,"NSAID",1991-09-05,1
905,"Antiplatelet",1972-02-03,2
905,"NSAID",1974-06-17,3
906,"Antiplatelet",1974-01-19,1
906,"NSAID",2001-10-08,3
911,"NSAID",1976-04-06,2
914,"Antiplatelet",1947-01-18,3
914,"NSAID",1989-03-08,5
915,"Antiplatelet",1965-05-28,2
915,"NSAID",1995-08-04,3
917,"NSAID",2005-03-31,2
918,"Antiplatelet",1913-10-07,6
918,"NSAID",1954-12-21,5
919,"Antiplatelet",1979-05-19,1
919,"NSAID",1998-02-13,2
921,"Anticoagulant",2016-06-21,1
921,"Antiplatelet",1968-05-11,3
921,"NSAID",1999-12-26,4
923,"Antiplatelet",1961-06-29,2
923,"NSAID",1995-02-26,1
924,"Antiplatelet",1969-06-28,1
924,"NSAID",1987-06-15,5
925,"Antiplatelet",1971-05-18,2
925,"NSAID",1999-04-21,5
929,"Antiplatelet",1919-09-03,5
929,"NSAID",1961-08-13,3
931,"Antiplatelet",1963-01-04,3
931,"NSAID",1974-01-04,3
932,"Antiplatelet",1971-01-15,2
932,"NSAID",2002-07-06,1
933,"Antiplatelet",1983-10-11,2
933,"NSAID",1977-08-18,3
935,"Anticoagulant",1990-05-09,1
935,"Antiplatelet",1931-04-06,3
935,"NSAID",1972-06-24,1
936,"Antiplatelet",1965-11-01,2
936,"NSAID",2002-05-06,1
938,"Antiplatelet",1952-05-13,3
938,"NSAID",1987-05-30,2
939,"Antiplatelet",1976-01-27,1
939,"NSAID",1981-03-29,2
940,"Antiplatelet",1944-09-16,2
940,"NSAID",1982-07-09,1
946,"Antiplatelet",1969-01-19,1
946,"NSAID",2001-09-13,1
947,"NSAID",2000-06-08,1
948,"Antiplatelet",1960-05-11,2
948,"NSAID",1978-03-15,4
949,"Antiplatelet",1961-01-30,1
949,"NSAID",2000-02-25,2
950,"Antiplatelet",1972-09-10,2
950,"NSAID",1988-03-02,2
951,"Antiplatelet",1957-11-22,1
951,"NSAID",1985-10-15,3
954,"NSAID",1976-03-04,6
956,"Antiplatelet",1936-06-29,7
956,"NSAID",1975-10-13,1
958,"NSAID",1979-12-07,3
959,"Antiplatelet",1962-07-16,2
959,"NSAID",1995-01-31,1
962,"Antiplatelet",1957-06-06,3
962,"NSAID",1995-04-18,1
964,"Antiplatelet",1981-04-17,1
964,"NSAID",1979-11-07,2
967,"Antiplatelet",2011-07-16,1
967,"NSAID",1973-10-25,4
969,"Antiplatelet",2014-12-07,1
969,"NSAID",1997-09-24,2
970,"Antiplatelet",1953-04-04,1
970,"NSAID",1986-12-17,3
971,"Antiplatelet",1946-01-02,2
971,"NSAID",1980-09-15,3
972,"Antiplatelet",1968-07-03,3
972,"NSAID",2002-06-12,1
973,"Antiplatelet",1918-11-24,3
973,"NSAID",1953-12-25,4
974,"Antiplatelet",1956-12-21,2
974,"NSAID",1993-04-06,2
975,"Antiplatelet",1972-01-08,1
975,"NSAID",1975-10-19,2
978,"NSAID",1985-01-24,3
986,"Antiplatelet",1918-10-18,3
986,"NSAID",1951-11-04,1
987,"Antiplatelet",1954-06-26,4
987,"NSAID",1988-01-09,2
992,"Antiplatelet",1955-05-15,1
992,"NSAID",1987-07-31,2
994,"Antiplatelet",1962-08-05,1
994,"NSAID",1998-10-30,1
1000,"Antiplatelet",1964-11-03,2
1000,"NSAID",1995-02-08,3
1004,"Antiplatelet",1965-06-27,1
1004,"NSAID",2001-01-19,2
1005,"NSAID",1989-02-25,2
1015,"Antiplatelet",1957-11-04,2
1015,"NSAID",1988-06-04,2
1016,"NSAID",2010-01-24,1
1017,"Antiplatelet",1960-01-06,2
1017,"NSAID",1997-08-24,2
1018,"NSAID",2012-02-20,2
1021,"Antiplatelet",1958-02-13,2
1021,"NSAID",1990-01-16,1
1022,"NSAID",2005-12-21,2
1024,"Antiplatelet",2016-05-29,1
1024,"NSAID",1983-01-05,1
1025,"Antiplatelet",1941-04-18,3
1025,"NSAID",1974-04-05,1
1032,"Antiplatelet",1969-08-10,2
1032,"NSAID",1989-05-22,3
1033,"NSAID",1980-12-20,3
1036,"Antiplatelet",1970-11-29,2
1036,"NSAID",1978-12-17,4
1039,"Antiplatelet",1964-09-24,3
1039,"NSAID",2001-09-08,3
1046,"Antiplatelet",1992-02-28,1
1046,"NSAID",1996-03-29,2
1051,"Antiplatelet",1970-01-14,1
1051,"NSAID",1988-08-07,2
1053,"NSAID",1981-06-12,3
1054,"Antiplatelet",1934-06-09,4
1054,"NSAID",1973-01-25,1
1057,"NSAID",2003-11-27,1
1058,"NSAID",1992-12-03,2
1062,"Antiplatelet",1966-12-16,3
1062,"NSAID",2000-08-29,1
1068,"NSAID",2004-10-01,5
1070,"Antiplatelet",1976-09-12,1
1070,"NSAID",2009-09-14,1
1072,"Antiplatelet",1966-02-01,2
1072,"NSAID",1979-05-29,3
1073,"Antiplatelet",1936-11-22,3
1073,"NSAID",1974-04-02,3
1076,"NSAID",1981-12-25,2
1077,"Antiplatelet",1947-05-13,2
1077,"NSAID",1979-11-26,2
1079,"Antiplatelet",1962-02-12,1
1079,"NSAID",1988-01-25,3
1081,"NSAID",2001-03-24,1
1082,"Antiplatelet",1955-12-18,3
1082,"NSAID",1989-09-30,3
1083,"Antiplatelet",1967-05-14,1
1083,"NSAID",2005-04-29,1
1084,"NSAID",2016-06-15,2
1085,"Antiplatelet",1965-10-29,1
1085,"NSAID",2004-11-08,1
1086,"Antiplatelet",1967-06-01,1
1086,"NSAID",2004-07-21,4
1088,"Antiplatelet",1973-10-23,1
1088,"NSAID",1995-12-14,2
1091,"NSAID",1997-12-14,2
1092,"Antiplatelet",1955-09-10,2
1092,"NSAID",1992-10-20,2
1097,"Antiplatelet",2016-09-15,1
1097,"NSAID",2004-05-07,2
1098,"Antiplatelet",1961-03-13,4
1098,"NSAID",1996-09-10,2
1099,"Antiplatelet",1953-01-07,4
1099,"NSAID",1979-09-09,3
1100,"NSAID",1995-04-24,2
1101,"Antiplatelet",1979-01-24,1
1101,"NSAID",2009-12-03,2
1102,"NSAID",2003-02-14,2
1107,"Antiplatelet",1927-12-14,5
1107,"NSAID",1964-09-30,3
1108,"NSAID",2008-07-24,2
1110,"NSAID",2014-11-27,2
1112,"Antiplatelet",1967-01-09,2
1112,"NSAID",2007-06-03,1
1113,"NSAID",2012-12-10,2
1115,"Antiplatelet",1958-01-14,1
1115,"NSAID",1987-05-17,2
1116,"Antiplatelet",1967-02-03,3
1116,"NSAID",1993-03-23,3
1117,"Antiplatelet",1936-09-18,3
1117,"NSAID",1978-09-28,1
1118,"NSAID",2001-02-21,2
1120,"Antiplatelet",1958-10-28,2
1120,"NSAID",1997-03-07,1
1122,"NSAID",2004-01-28,1
1123,"Antiplatelet",1968-12-30,2
1123,"NSAID",1974-11-06,3
1124,"Antiplatelet",1939-09-15,4
1124,"NSAID",1968-10-12,2
1125,"Antiplatelet",1952-09-11,2
1125,"NSAID",1986-06-30,2
1128,"Antiplatelet",1970-05-17,1
1128,"NSAID",2006-04-08,2
1131,"Antiplatelet",1966-04-08,2
1131,"NSAID",2004-12-14,1
1132,"Antiplatelet",1957-04-13,3
1132,"NSAID",1993-09-11,1
1133,"Antiplatelet",1973-10-25,1
1133,"NSAID",2000-07-20,2
1134,"Antiplatelet",1940-09-23,3
1134,"NSAID",1978-09-09,2
1135,"Antiplatelet",1959-09-04,1
1135,"NSAID",1999-06-05,1
1136,"NSAID",1984-11-02,4
1137,"Antiplatelet",1993-09-02,2
1137,"NSAID",1991-10-24,1
1138,"NSAID",1985-06-24,4
1143,"Antiplatelet",1973-09-14,1
1143,"NSAID",2008-04-18,2
1144,"Antiplatelet",1990-10-04,1
1144,"NSAID",2009-05-02,2
1145,"Antiplatelet",1938-11-22,3
1145,"NSAID",1977-02-05,5
1146,"Antiplatelet",1961-05-18,4
1146,"NSAID",1998-04-25,2
1148,"Antiplatelet",1967-09-03,2
1148,"NSAID",2001-07-01,2
1149,"NSAID",1980-02-24,4
1150,"Antiplatelet",1953-12-22,1
1150,"NSAID",1991-10-14,1
1151,"NSAID",2009-04-14,2
1154,"Antiplatelet",1971-10-31,1
1154,"NSAID",2006-07-14,2
1155,"Antiplatelet",1967-10-14,2
1155,"NSAID",2007-10-29,1
1158,"Antiplatelet",1983-01-31,1
1158,"NSAID",1980-11-27,5
1159,"NSAID",1982-03-18,3
1162,"Antiplatelet",1924-09-05,3
1162,"NSAID",1963-07-08,1
1169,"Antiplatelet",1936-10-08,3
1169,"NSAID",1975-12-23,2
1173,"Antiplatelet",1946-06-03,4
1173,"NSAID",1982-09-22,2
1174,"Antiplatelet",1941-11-03,4
1174,"NSAID",1974-01-25,2
1175,"Antiplatelet",1941-04-24,5
1175,"NSAID",1974-05-06,2
1176,"Antiplatelet",1964-10-08,3
1176,"NSAID",1999-04-28,1
1177,"Antiplatelet",1964-01-24,3
1177,"NSAID",2000-07-04,2
1180,"Antiplatelet",1963-12-31,3
1180,"NSAID",1990-05-23,1
1185,"Antiplatelet",1939-08-16,4
1185,"NSAID",1978-08-06,3
1188,"NSAID",1983-09-17,2
1189,"NSAID",1975-07-02,3
1193,"Antiplatelet",1951-11-14,6
1193,"NSAID",1987-03-15,2
1194,"Antiplatelet",1962-08-10,2
1194,"NSAID",1978-09-15,2
1197,"NSAID",2015-05-16,1
1201,"NSAID",1995-11-01,3
1202,"NSAID",2012-07-18,2
1205,"Antiplatelet",1961-03-15,2
1205,"NSAID",2002-01-29,1
1206,"Antiplatelet",1965-07-17,1
1206,"NSAID",1999-10-19,1
1208,"Anticoagulant",1993-11-09,1
1208,"Antiplatelet",1941-03-20,3
1208,"NSAID",1975-01-31,1
1209,"NSAID",1995-06-17,3
1211,"Antiplatelet",1966-12-06,2
1211,"NSAID",1980-10-07,4
1214,"Antiplatelet",1940-03-27,6
1214,"NSAID",1978-01-07,2
1215,"NSAID",1975-04-23,5
1216,"Antiplatelet",1973-03-10,1
1216,"NSAID",2006-05-21,2
1217,"Antiplatelet",1973-09-09,3
1217,"NSAID",2013-02-26,3
1219,"Anticoagulant",2007-12-10,1
1219,"Antiplatelet",1968-03-01,2
1219,"NSAID",1978-12-24,1
1222,"Antiplatelet",1958-10-29,2
1222,"NSAID",1995-10-30,2
1223,"Anticoagulant",2012-05-11,1
1223,"Antiplatelet",1954-04-22,1
1223,"NSAID",1989-10-20,2
1226,"NSAID",2013-08-21,2
1227,"Anticoagulant",2016-04-06,1
1227,"Antiplatelet",1940-10-08,7
1227,"NSAID",1980-05-31,3
1228,"NSAID",1980-01-06,5
1229,"NSAID",1990-09-18,2
1231,"Antiplatelet",1949-11-14,2
1231,"NSAID",1978-01-21,1
1232,"Antiplatelet",1966-03-09,2
1232,"NSAID",1993-12-12,2
1235,"Antiplatelet",1980-02-29,3
1235,"NSAID",2010-09-04,1
1236,"Antiplatelet",1921-07-24,8
1236,"NSAID",1963-09-07,6
1237,"Antiplatelet",1947-04-23,3
1237,"NSAID",1981-09-05,2
1238,"Antiplatelet",1957-10-28,1
1238,"NSAID",1997-09-13,1
1239,"Antiplatelet",1980-06-02,1
1239,"NSAID",2006-02-26,1
1242,"Antiplatelet",1960-03-05,2
1242,"NSAID",2000-10-21,2
1245,"Anticoagulant",2016-07-01,1
1245,"Antiplatelet",1935-10-02,5
1245,"NSAID",1976-09-06,2
1246,"Antiplatelet",1939-04-16,4
1246,"NSAID",1980-08-23,1
1249,"NSAID",2002-08-24,4
1250,"Antiplatelet",1955-03-13,1
1250,"NSAID",1981-03-26,2
1253,"Antiplatelet",1956-12-28,2
1253,"NSAID",1997-03-13,2
1257,"Antiplatelet",2016-11-12,1
1257,"NSAID",1977-04-05,2
1258,"Antiplatelet",1968-11-02,2
1258,"NSAID",1986-05-23,3
1259,"Antiplatelet",1953-01-02,1
1259,"NSAID",1981-10-07,2
1261,"Antiplatelet",1973-09-27,1
1261,"NSAID",1995-01-10,2
1264,"NSAID",1987-12-14,1
1265,"NSAID",1991-04-14,2
1266,"Antiplatelet",1971-03-19,1
1266,"NSAID",1991-02-07,2
1267,"Antiplatelet",1954-02-27,3
1267,"NSAID",1990-05-14,2
1271,"Antiplatelet",1969-10-24,1
1271,"NSAID",2010-10-14,1
1272,"NSAID",1994-12-24,2
1273,"Antiplatelet",1943-05-05,1
1273,"NSAID",1976-08-19,2
1276,"Antiplatelet",1961-10-13,1
1276,"NSAID",1995-08-21,3
1280,"Antiplatelet",1956-07-07,2
1280,"NSAID",1978-03-28,4
1281,"Antiplatelet",1972-02-22,2
1281,"NSAID",2002-10-12,3
1282,"NSAID",1977-03-29,3
1283,"Anticoagulant",1972-04-22,1
1283,"Antiplatelet",1960-12-05,2
1283,"NSAID",1998-06-24,2
1285,"Anticoagulant",2014-05-19,1
1285,"NSAID",1990-11-28,2
1289,"Antiplatelet",1963-02-06,3
1289,"NSAID",1997-05-25,4
1292,"Antiplatelet",1953-05-31,3
1292,"NSAID",1986-02-26,2
1293,"Antiplatelet",1941-05-19,4
1293,"NSAID",1979-07-09,1
1294,"Antiplatelet",1989-04-14,1
1294,"NSAID",1986-11-24,2
1297,"NSAID",1981-10-26,2
1303,"NSAID",2012-03-05,1
1305,"Antiplatelet",1964-12-06,2
1305,"NSAID",2000-10-18,1
1306,"Antiplatelet",1961-08-12,4
1306,"NSAID",2001-01-14,3
1309,"Anticoagulant",1994-03-21,1
1309,"Antiplatelet",1958-04-12,2
1309,"NSAID",1989-12-09,3
1310,"Antiplatelet",1944-01-10,2
1310,"NSAID",1980-07-09,2
1313,"NSAID",2011-08-03,1
1314,"Antiplatelet",1930-10-13,4
1314,"NSAID",1966-08-25,1
1315,"Antiplatelet",1960-05-04,3
1315,"NSAID",1996-03-21,2
1316,"Antiplatelet",1949-10-21,3
1316,"NSAID",1994-05-03,2
1317,"Antiplatelet",1952-11-03,5
1317,"NSAID",1989-11-19,2
1318,"Anticoagulant",2017-08-01,1
1318,"Antiplatelet",1941-05-21,5
1318,"NSAID",1973-02-17,2
1320,"Antiplatelet",1937-02-15,5
1320,"NSAID",1973-08-15,4
1321,"Antiplatelet",1961-07-12,2
1321,"NSAID",2000-11-10,4
1322,"Antiplatelet",1928-02-21,3
1322,"NSAID",1958-09-01,2
1323,"NSAID",1997-09-15,3
1325,"NSAID",2000-12-19,2
1328,"Antiplatelet",1945-12-23,6
1328,"NSAID",1980-12-31,4
1332,"Antiplatelet",1966-11-12,4
1332,"NSAID",1979-12-10,2
1333,"Antiplatelet",1976-12-06,2
1333,"NSAID",1990-04-07,4
1334,"Antiplatelet",1971-10-11,2
1334,"NSAID",2008-11-30,1
1335,"Antiplatelet",1979-11-15,1
1335,"NSAID",1998-05-28,3
1338,"Antiplatelet",1947-04-19,3
1338,"NSAID",1978-08-09,2
1339,"Antiplatelet",1973-05-12,1
1339,"NSAID",1999-04-17,2
1340,"Antiplatelet",1912-10-22,5
1340,"NSAID",1952-01-31,2
1345,"Antiplatelet",1968-06-19,3
1345,"NSAID",1993-07-21,4
1348,"Antiplatelet",1913-01-20,3
1348,"NSAID",1954-03-06,2
1352,"Anticoagulant",1976-07-29,1
1352,"Antiplatelet",1970-07-29,1
1352,"NSAID",1971-07-29,2
1353,"Antiplatelet",1960-06-01,3
1353,"NSAID",1992-11-05,1
1354,"Antiplatelet",1980-01-27,1
1354,"NSAID",1995-05-29,2
1355,"NSAID",1996-05-22,2
1356,"NSAID",2016-08-07,2
1357,"NSAID",1984-06-12,2
1358,"Antiplatelet",1959-09-20,2
1358,"NSAID",1996-08-01,4
1359,"Anticoagulant",1987-04-14,1
1359,"Antiplatelet",1932-05-28,2
1359,"NSAID",1971-05-14,1
1360,"NSAID",1977-08-30,2
1361,"Antiplatelet",1942-04-21,3
1361,"NSAID",1974-07-02,3
1365,"Antiplatelet",1967-05-03,2
1365,"NSAID",1975-10-26,4
1367,"Antiplatelet",1965-12-26,4
1367,"NSAID",1981-08-25,2
1368,"Antiplatelet",1956-04-20,4
1368,"NSAID",1982-05-16,2
1371,"Antiplatelet",1972-02-07,1
1371,"NSAID",1991-08-01,4
1376,"Antiplatelet",1979-12-31,1
1376,"NSAID",1999-12-16,2
1377,"NSAID",2015-07-13,1
1378,"Antiplatelet",1945-05-16,2
1378,"NSAID",1981-07-26,1
1379,"Antiplatelet",1968-08-29,4
1379,"NSAID",1998-11-20,1
1381,"NSAID",2018-11-10,1
1382,"NSAID",1994-08-26,3
1384,"Antiplatelet",1984-06-03,1
1384,"NSAID",1991-03-29,3
1385,"Antiplatelet",1962-07-02,2
1385,"NSAID",1999-12-20,3
1387,"NSAID",1980-08-31,2
1389,"Antiplatelet",1955-07-03,2
1389,"NSAID",1997-07-12,1
1390,"NSAID",2006-10-11,3
1391,"Antiplatelet",1924-07-29,5
1391,"NSAID",1962-09-13,2
1397,"Antiplatelet",1986-01-31,1
1397,"NSAID",1998-01-12,2
1399,"Antiplatelet",1960-11-26,1
1399,"NSAID",1992-10-09,2
1401,"Antiplatelet",1978-01-02,2
1401,"NSAID",2007-08-03,1
1407,"Antiplatelet",1968-10-06,2
1407,"NSAID",2002-11-17,1
1408,"Antiplatelet",1947-08-11,7
1408,"NSAID",1981-03-10,1
1409,"Antiplatelet",1922-02-02,3
1409,"NSAID",1960-03-04,2
1410,"Antiplatelet",1970-12-24,2
1410,"NSAID",2004-05-25,2
1411,"Anticoagulant",1999-11-23,1
1411,"Antiplatelet",1968-07-30,2
1411,"NSAID",2002-11-11,1
1412,"Antiplatelet",1970-06-25,1
1412,"NSAID",1997-05-24,2
1415,"Antiplatelet",1984-02-07,1
1415,"NSAID",2002-12-09,1
1418,"NSAID",2014-08-08,1
1425,"Antiplatelet",1937-01-19,4
1425,"NSAID",1977-01-04,2
1426,"Antiplatelet",1958-02-27,1
1426,"NSAID",1986-09-19,4
1427,"Antiplatelet",1958-09-24,2
1427,"NSAID",1983-01-28,4
1428,"Antiplatelet",1950-04-23,2
1428,"NSAID",1984-03-30,3
1430,"Antiplatelet",1972-02-24,1
1430,"NSAID",1986-03-02,2
1431,"Antiplatelet",1952-05-18,2
1431,"NSAID",1989-01-09,4
1432,"Antiplatelet",1963-08-19,2
1432,"NSAID",2005-01-30,2
1433,"NSAID",1995-08-18,1
1435,"Antiplatelet",1968-07-11,2
1435,"NSAID",1994-02-09,4
1438,"Antiplatelet",1954-05-31,1
1438,"NSAID",1986-04-29,1
1439,"Antiplatelet",1978-12-06,1
1439,"NSAID",1991-10-29,2
1441,"NSAID",1974-02-19,7
1442,"Antiplatelet",1948-02-25,1
1442,"NSAID",1975-07-03,4
1443,"NSAID",1993-07-19,4
1446,"Antiplatelet",1984-09-08,1
1446,"NSAID",1985-06-06,3
1447,"Antiplatelet",1963-06-01,3
1447,"NSAID",1975-03-14,3
1448,"NSAID",2009-03-09,1
1450,"Antiplatelet",1965-11-27,2
1450,"NSAID",1976-01-09,3
1454,"NSAID",2009-11-14,1
1459,"Antiplatelet",1943-02-08,2
1459,"NSAID",1976-03-21,2
1460,"Antiplatelet",1982-07-24,1
1460,"NSAID",1984-03-15,4
1461,"Antiplatelet",1969-07-13,1
1461,"NSAID",2007-11-12,2
1464,"Antiplatelet",1965-09-01,2
1464,"NSAID",2002-08-13,2
1466,"Antiplatelet",1969-07-28,2
1466,"NSAID",1998-03-12,2
1467,"Antiplatelet",1935-06-14,2
1467,"NSAID",1967-10-09,2
1468,"Anticoagulant",2015-06-03,1
1468,"Antiplatelet",1958-01-29,2
1468,"NSAID",1974-02-09,3
1475,"Antiplatelet",1935-01-20,3
1475,"NSAID",1981-03-24,3
1476,"Anticoagulant",2003-11-27,1
1476,"Antiplatelet",1955-02-19,5
1476,"NSAID",1980-06-27,1
1478,"Anticoagulant",1975-05-03,1
1478,"Antiplatelet",1962-04-15,2
1478,"NSAID",2001-09-22,4
1480,"Antiplatelet",1974-09-06,2
1480,"NSAID",1980-03-22,3
1482,"NSAID",2017-08-24,1
1486,"Antiplatelet",1970-08-20,1
1486,"NSAID",1991-07-16,1
1490,"Antiplatelet",1940-11-23,3
1490,"NSAID",1974-02-18,3
1491,"Antiplatelet",1990-10-11,2
1491,"NSAID",1982-04-26,2
1493,"Antiplatelet",1962-10-24,3
1493,"NSAID",1989-11-06,2
1496,"Antiplatelet",1922-08-06,6
1496,"NSAID",1957-12-25,2
1497,"Antiplatelet",1940-11-10,4
1497,"NSAID",1974-07-25,2
1498,"NSAID",2007-04-21,1
1500,"Antiplatelet",1965-07-26,1
1500,"NSAID",2001-10-25,1
1504,"Antiplatelet",1942-06-05,2
1504,"NSAID",1985-01-15,1
1505,"Antiplatelet",1959-05-22,2
1505,"NSAID",1992-04-13,1
1506,"Anticoagulant",2011-04-30,1
1506,"Antiplatelet",1946-09-30,4
1506,"NSAID",1985-08-06,2
1508,"Antiplatelet",1924-03-01,6
1508,"NSAID",1963-12-07,2
1510,"Antiplatelet",1960-11-21,4
1510,"NSAID",1974-02-17,5
1511,"Antiplatelet",1968-08-07,1
1511,"NSAID",2003-06-01,3
1512,"Antiplatelet",1976-05-02,1
1512,"NSAID",1977-03-12,3
1513,"Antiplatelet",1972-07-21,1
1513,"NSAID",2011-01-01,1
1516,"Antiplatelet",1961-08-07,3
1516,"NSAID",1979-07-12,2
1517,"Anticoagulant",2017-04-17,1
1517,"Antiplatelet",1945-02-22,1
1517,"NSAID",1981-04-09,3
1518,"Antiplatelet",1957-03-21,2
1518,"NSAID",1998-07-14,2
1520,"Antiplatelet",1955-02-19,1
1520,"NSAID",1971-01-11,2
1523,"Antiplatelet",1957-02-04,2
1523,"NSAID",1996-01-21,2
1524,"Antiplatelet",1973-01-10,1
1524,"NSAID",2004-02-17,1
1525,"NSAID",1998-10-11,2
1526,"Antiplatelet",1972-11-24,1
1526,"NSAID",2007-09-04,2
1528,"Antiplatelet",1960-03-04,3
1528,"NSAID",2001-11-14,2
1529,"Antiplatelet",1963-02-27,6
1529,"NSAID",1978-10-23,3
1532,"Antiplatelet",1986-04-14,1
1532,"NSAID",1981-01-01,3
1533,"NSAID",2009-03-09,3
1535,"NSAID",1999-09-10,4
1536,"Antiplatelet",1912-08-25,5
1536,"NSAID",1945-05-09,1
1537,"Antiplatelet",1958-05-04,3
1537,"NSAID",1992-01-21,2
1538,"Anticoagulant",2008-05-05,1
1538,"Antiplatelet",1931-02-27,5
1538,"NSAID",1964-02-14,2
1540,"Antiplatelet",2018-12-10,1
1540,"NSAID",1994-03-11,2
1541,"Antiplatelet",1963-09-26,1
1541,"NSAID",2007-02-07,1
1542,"Anticoagulant",2015-11-25,1
1542,"Antiplatelet",1966-06-22,2
1542,"NSAID",1978-02-19,2
1543,"Antiplatelet",1946-06-21,1
1543,"NSAID",1981-03-29,1
1545,"NSAID",1974-10-06,3
1550,"NSAID",2004-08-25,1
1551,"Antiplatelet",2018-03-12,1
1551,"NSAID",1982-10-02,2
1553,"NSAID",2011-05-18,1
1556,"NSAID",1990-02-19,3
1558,"Anticoagulant",1962-06-14,1
1558,"Antiplatelet",1957-02-12,3
1558,"NSAID",1992-09-01,1
1560,"Anticoagulant",2018-02-05,1
1560,"Antiplatelet",1935-04-14,4
1560,"NSAID",1974-12-20,2
1563,"Antiplatelet",1959-01-09,2
1563,"NSAID",1997-09-01,1
1565,"Antiplatelet",1968-05-25,1
1565,"NSAID",1999-11-24,1
1566,"NSAID",1979-10-02,2
1567,"NSAID",2008-05-06,1
1568,"Antiplatelet",1960-03-22,2
1568,"NSAID",1993-05-13,1
1569,"Antiplatelet",1937-11-28,7
1569,"NSAID",1971-03-15,4
1571,"Antiplatelet",1971-02-03,1
1571,"NSAID",1998-08-05,2
1572,"Antiplatelet",1972-11-26,2
1572,"NSAID",1987-09-23,2
1574,"Antiplatelet",1967-04-19,2
1574,"NSAID",2000-12-11,1
1576,"NSAID",2007-04-15,1
1577,"Anticoagulant",1997-01-31,1
1577,"Antiplatelet",1925-07-01,2
1577,"NSAID",1962-03-29,4
1578,"Antiplatelet",2015-07-19,1
1578,"NSAID",1986-05-16,2
1579,"Antiplatelet",1959-08-06,4
1579,"NSAID",1988-03-11,1
1585,"Antiplatelet",1930-02-23,6
1585,"NSAID",1966-02-04,2
1586,"Antiplatelet",1953-04-27,4
1586,"NSAID",1974-10-19,1
1588,"NSAID",2005-03-13,1
1590,"Antiplatelet",1965-12-02,1
1590,"NSAID",1999-02-07,2
1593,"Antiplatelet",1936-10-30,12
1593,"NSAID",1975-08-17,1
1597,"Antiplatelet",1947-06-14,4
1597,"NSAID",1981-04-06,2
1598,"Antiplatelet",1958-05-20,2
1598,"NSAID",1989-03-22,2
1599,"Antiplatelet",1964-12-14,2
1599,"NSAID",1997-12-21,1
1600,"Antiplatelet",1945-12-26,1
1600,"NSAID",1978-01-12,5
1602,"Antiplatelet",1967-05-26,1
1602,"NSAID",1995-09-15,5
1604,"Antiplatelet",1957-10-25,4
1604,"NSAID",1991-02-07,1
1605,"Antiplatelet",1937-02-23,7
1605,"NSAID",1971-08-09,3
1606,"Antiplatelet",1953-03-17,4
1606,"NSAID",1989-05-12,1
1608,"Antiplatelet",1943-08-03,5
1608,"NSAID",1977-06-25,2
1609,"Antiplatelet",1943-06-23,6
1609,"NSAID",1980-01-29,1
1611,"Antiplatelet",1972-11-20,2
1611,"NSAID",1997-10-10,2
1612,"Antiplatelet",1966-11-11,3
1612,"NSAID",2003-05-07,1
1613,"Antiplatelet",1955-03-23,2
1613,"NSAID",1992-06-19,2
1618,"Antiplatelet",1999-03-03,2
1618,"NSAID",2013-05-21,1
1622,"NSAID",1998-11-17,2
1623,"Antiplatelet",1952-08-23,3
1623,"NSAID",1988-12-17,1
1626,"Anticoagulant",1989-12-17,2
1626,"Antiplatelet",1935-10-26,6
1626,"NSAID",1970-01-10,1
1627,"Antiplatelet",1955-09-13,4
1627,"NSAID",1987-11-04,1
1632,"Antiplatelet",1954-03-08,4
1632,"NSAID",1993-01-22,1
1634,"Anticoagulant",2014-08-29,1
1634,"Antiplatelet",1939-03-08,5
1634,"NSAID",1978-12-18,2
1635,"Antiplatelet",1973-08-14,3
1635,"NSAID",2012-02-21,1
1636,"Antiplatelet",1960-03-15,2
1636,"NSAID",2000-06-13,1
1640,"Antiplatelet",2015-06-10,1
1640,"NSAID",1976-04-20,2
1641,"Antiplatelet",1956-09-11,4
1641,"NSAID",1997-10-31,1
1642,"Antiplatelet",1951-11-18,2
1642,"NSAID",1990-09-24,1
1646,"Antiplatelet",1943-09-16,3
1646,"NSAID",1982-03-05,3
1649,"Antiplatelet",1960-09-12,2
1649,"NSAID",1993-05-17,1
1655,"NSAID",2002-09-18,2
1656,"NSAID",1981-06-08,2
1657,"Antiplatelet",1944-02-27,4
1657,"NSAID",1987-02-01,2
1658,"Antiplatelet",1912-09-22,6
1658,"NSAID",1948-01-07,3
1659,"NSAID",1976-07-17,4
1661,"Anticoagulant",2007-07-12,1
1661,"Antiplatelet",1963-04-19,3
1661,"NSAID",1995-02-05,3
1662,"NSAID",1999-05-24,1
1666,"Antiplatelet",1935-06-03,5
1666,"NSAID",1976-11-14,3
1669,"Antiplatelet",1959-12-29,4
1669,"NSAID",1998-03-30,2
1670,"NSAID",2004-06-13,1
1672,"NSAID",1989-04-10,3
1674,"NSAID",1995-12-01,3
1676,"NSAID",2014-10-21,1
1677,"Antiplatelet",1970-05-08,2
1677,"NSAID",2003-04-20,2
1679,"Antiplatelet",1973-06-30,1
1679,"NSAID",1974-01-02,2
1683,"Antiplatelet",1973-09-09,2
1683,"NSAID",2006-11-18,3
1685,"NSAID",1989-09-11,2
1686,"Antiplatelet",1964-08-30,2
1686,"NSAID",1999-04-29,1
1689,"Antiplatelet",1964-10-23,1
1689,"NSAID",1984-05-06,2
1690,"NSAID",1978-05-10,3
1691,"Antiplatelet",1946-01-04,3
1691,"NSAID",1977-06-25,4
1692,"NSAID",2017-01-23,1
1695,"NSAID",2000-06-29,2
1699,"Antiplatelet",1967-08-26,3
1699,"NSAID",1979-01-25,4
1702,"Antiplatelet",1965-11-26,1
1702,"NSAID",2008-10-07,1
1703,"Antiplatelet",1954-11-10,3
1703,"NSAID",1992-10-16,2
1707,"NSAID",2006-04-18,1
1709,"Antiplatelet",1937-09-14,8
1709,"NSAID",1978-02-26,3
1713,"NSAID",1990-10-26,4
1715,"Antiplatelet",1959-04-09,1
1715,"NSAID",1996-02-08,2
1716,"Antiplatelet",1950-06-21,5
1716,"NSAID",1977-11-01,2
1718,"NSAID",2010-07-28,1
1719,"Antiplatelet",1958-02-03,4
1719,"NSAID",1996-05-19,2
1720,"Antiplatelet",1979-12-26,1
1720,"NSAID",2007-10-30,2
1724,"Antiplatelet",1954-11-15,2
1724,"NSAID",1986-05-27,4
1727,"Anticoagulant",1982-03-24,1
1727,"Antiplatelet",1952-03-14,2
1727,"NSAID",1991-06-10,3
1729,"NSAID",2004-03-03,3
1733,"NSAID",1986-09-20,3
1736,"NSAID",2010-01-13,2
1737,"Antiplatelet",1923-01-22,4
1737,"NSAID",1950-07-04,2
1738,"NSAID",2013-02-27,2
1739,"Antiplatelet",1972-04-20,1
1739,"NSAID",1997-03-15,4
1740,"Antiplatelet",1957-02-12,2
1740,"NSAID",1989-10-12,1
1743,"Antiplatelet",1965-12-30,3
1743,"NSAID",1999-09-08,3
1744,"NSAID",1990-07-12,4
1745,"Antiplatelet",1986-06-05,1
1745,"NSAID",2017-05-25,1
1746,"Antiplatelet",1957-10-16,1
1746,"NSAID",1988-04-23,1
1748,"Antiplatelet",1948-03-28,2
1748,"NSAID",1976-12-26,2
1750,"NSAID",1995-04-23,4
1751,"NSAID",1980-09-12,5
1752,"NSAID",2016-03-10,1
1753,"Antiplatelet",1965-04-02,2
1753,"NSAID",2002-06-17,1
1755,"Antiplatelet",1960-07-11,3
1755,"NSAID",2002-02-21,2
1756,"NSAID",2013-05-18,2
1758,"Antiplatelet",1962-11-07,1
1758,"NSAID",2000-01-11,2
1759,"NSAID",1986-01-25,2
1760,"Antiplatelet",1979-02-23,1
1760,"NSAID",1978-06-14,5
1761,"Antiplatelet",1972-10-14,1
1761,"NSAID",1995-03-02,3
1762,"Anticoagulant",1998-04-09,1
1762,"Antiplatelet",1946-08-01,2
1762,"NSAID",1979-10-12,2
1764,"Antiplatelet",1959-11-02,2
1764,"NSAID",1996-12-12,3
1766,"NSAID",1996-08-27,1
1769,"NSAID",2011-09-06,1
1770,"Antiplatelet",1992-09-23,1
1770,"NSAID",2014-12-19,1
1773,"Antiplatelet",1966-08-07,1
1773,"NSAID",1986-01-29,1
1776,"Anticoagulant",1984-10-13,2
1776,"Antiplatelet",1918-01-21,11
1776,"NSAID",1954-06-11,2
1778,"NSAID",1983-04-02,3
1779,"Antiplatelet",1944-10-16,2
1779,"NSAID",1976-11-07,4
1780,"Antiplatelet",1966-11-07,1
1780,"NSAID",2006-02-20,2
1781,"Antiplatelet",1942-02-05,2
1781,"NSAID",1975-09-15,2
1782,"Anticoagulant",1956-01-11,1
1782,"Antiplatelet",1954-04-19,2
1782,"NSAID",1988-01-01,1
1783,"NSAID",1994-03-09,2
1785,"Antiplatelet",1956-08-24,2
1785,"NSAID",1990-12-14,2
1786,"Antiplatelet",1947-12-03,1
1786,"NSAID",1984-12-08,3
1788,"Antiplatelet",1963-10-06,2
1788,"NSAID",1999-05-26,4
1789,"Antiplatelet",1991-11-21,1
1789,"NSAID",1977-09-14,2
1791,"Antiplatelet",1957-01-13,4
1791,"NSAID",1992-01-05,5
1793,"Antiplatelet",1919-07-07,6
1793,"NSAID",1963-03-18,3
1794,"Antiplatelet",1961-09-13,2
1794,"NSAID",1996-01-19,2
1796,"NSAID",1994-11-11,4
1801,"Anticoagulant",2007-08-08,1
1801,"Antiplatelet",1963-12-01,1
1801,"NSAID",1994-07-31,3
1804,"Antiplatelet",1936-03-12,5
1804,"NSAID",1972-05-22,1
1808,"Antiplatelet",1967-01-11,1
1808,"NSAID",1997-11-18,3
1809,"NSAID",1978-12-18,2
1812,"NSAID",2003-10-04,1
1813,"Antiplatelet",1984-09-23,1
1813,"NSAID",1986-07-24,2
1814,"Anticoagulant",2018-04-03,1
1814,"Antiplatelet",1941-09-12,5
1814,"NSAID",1981-10-22,2
1819,"NSAID",1991-06-10,4
1820,"Antiplatelet",2004-09-14,1
1820,"NSAID",1992-07-23,3
1821,"Anticoagulant",1986-08-03,1
1821,"NSAID",1982-08-12,1
1826,"Antiplatelet",1940-01-27,2
1826,"NSAID",1978-05-17,1
1829,"Antiplatelet",1989-07-22,1
1829,"NSAID",1975-07-22,2
1834,"Antiplatelet",1946-10-31,4
1834,"NSAID",1986-07-13,2
1837,"Antiplatelet",1965-02-16,1
1837,"NSAID",2000-07-22,1
1840,"NSAID",2016-12-29,1
1842,"Antiplatelet",1967-02-11,1
1842,"NSAID",1986-05-02,2
1843,"NSAID",1985-06-13,3
1844,"NSAID",1976-06-06,3
1845,"Antiplatelet",1964-08-31,1
1845,"NSAID",1997-07-24,1
1846,"Antiplatelet",1952-07-20,2
1846,"NSAID",1987-11-09,4
1847,"Antiplatelet",1915-07-06,3
1847,"NSAID",1958-01-16,2
1848,"Anticoagulant",2011-02-17,1
1848,"Antiplatelet",1957-03-10,1
1848,"NSAID",1982-09-25,1
1850,"Antiplatelet",1957-12-09,3
1850,"NSAID",1998-07-22,1
1851,"Antiplatelet",2017-12-28,1
1851,"NSAID",1997-09-24,2
1852,"Antiplatelet",1989-05-12,1
1852,"NSAID",1976-09-25,4
1854,"NSAID",1999-08-03,3
1855,"NSAID",1978-10-31,4
1860,"Antiplatelet",1960-12-15,1
1860,"NSAID",1996-10-02,1
1861,"NSAID",1995-02-28,3
1864,"Antiplatelet",1971-02-05,1
1864,"NSAID",1996-08-22,3
1867,"NSAID",1974-07-23,4
1870,"Antiplatelet",1953-01-25,1
1870,"NSAID",1957-05-29,1
1874,"NSAID",1978-05-18,4
1878,"NSAID",1975-06-14,5
1879,"Antiplatelet",1963-05-11,2
1879,"NSAID",1982-01-01,3
1882,"Antiplatelet",1969-09-04,2
1882,"NSAID",1999-03-06,3
1885,"NSAID",1978-11-04,2
1889,"NSAID",2009-04-14,3
1892,"Antiplatelet",1962-06-04,4
1892,"NSAID",1993-09-19,1
1898,"Antiplatelet",1973-11-21,1
1898,"NSAID",1994-06-04,4
1900,"NSAID",1995-11-18,1
1902,"Antiplatelet",1946-11-12,3
1902,"NSAID",1985-09-03,2
1903,"Antiplatelet",1964-06-08,2
1903,"NSAID",2005-02-28,3
1905,"Antiplatelet",1966-07-18,2
1905,"NSAID",2008-08-31,1
1906,"Antiplatelet",1963-01-01,1
1906,"NSAID",1997-09-25,1
1908,"Antiplatelet",1971-01-03,2
1908,"NSAID",1975-08-16,3
1911,"Antiplatelet",1946-07-24,3
1911,"NSAID",1984-05-05,1
1915,"Antiplatelet",1977-05-18,2
1915,"NSAID",1989-06-28,4
1916,"Antiplatelet",1973-09-23,2
1916,"NSAID",2004-10-31,2
1917,"Antiplatelet",1952-05-18,3
1917,"NSAID",1987-03-11,1
1918,"Antiplatelet",1969-07-06,2
1918,"NSAID",2004-11-19,2
1921,"Antiplatelet",1951-12-23,4
1921,"NSAID",1995-03-02,2
1923,"Antiplatelet",1937-06-23,3
1923,"NSAID",1972-06-29,1
1924,"Anticoagulant",2019-06-28,1
1924,"Antiplatelet",1978-08-26,1
1924,"NSAID",2017-03-04,1
1925,"Antiplatelet",1945-06-19,8
1925,"NSAID",1984-01-31,4
1926,"Antiplatelet",1973-03-26,3
1926,"NSAID",1974-09-12,5
1928,"NSAID",1974-03-21,4
1929,"Antiplatelet",1955-02-23,3
1929,"NSAID",1993-05-26,1
1933,"NSAID",1998-05-10,2
1934,"Antiplatelet",1963-12-03,3
1934,"NSAID",2000-08-12,2
1935,"NSAID",2009-03-09,1
1936,"Antiplatelet",1949-10-08,3
1936,"NSAID",1980-06-19,4
1937,"Antiplatelet",1968-10-14,2
1937,"NSAID",2001-03-25,1
1941,"Antiplatelet",1973-03-17,2
1941,"NSAID",1976-04-19,4
1945,"Antiplatelet",1971-05-28,2
1945,"NSAID",2007-06-08,1
1946,"Anticoagulant",2014-01-04,1
1946,"Antiplatelet",1930-01-04,2
1946,"NSAID",1963-01-06,2
1947,"Antiplatelet",1956-05-22,1
1947,"NSAID",1976-04-07,2
1950,"Antiplatelet",1944-06-23,2
1950,"NSAID",1978-12-17,2
1951,"Antiplatelet",1985-10-19,1
1951,"NSAID",1993-05-31,5
1952,"Antiplatelet",1964-01-10,2
1952,"NSAID",1989-01-10,2
1953,"Antiplatelet",1964-06-17,2
1953,"NSAID",1998-03-11,1
1954,"Antiplatelet",1936-12-25,3
1954,"NSAID",1970-08-14,1
1956,"NSAID",2002-07-21,2
1958,"NSAID",1996-02-25,4
1960,"Antiplatelet",1932-04-28,5
1960,"NSAID",1971-05-14,2
1962,"Antiplatelet",1967-01-23,1
1962,"NSAID",1999-02-19,1
1964,"NSAID",2000-08-10,2
1965,"NSAID",2010-04-09,1
1966,"Antiplatelet",1966-10-02,3
1966,"NSAID",2000-04-05,3
1967,"Antiplatelet",1956-09-07,3
1967,"NSAID",1985-10-17,3
1971,"Antiplatelet",1972-04-27,3
1971,"NSAID",1974-04-23,3
1973,"Antiplatelet",1974-03-23,2
1973,"NSAID",1996-12-20,2
1975,"Antiplatelet",1923-01-07,4
1975,"NSAID",1957-04-23,1
1976,"Antiplatelet",1984-05-13,1
1976,"NSAID",1986-12-20,5
1977,"Anticoagulant",2012-05-31,1
1977,"Antiplatelet",1911-11-02,3
1977,"NSAID",1952-04-20,3
1980,"NSAID",1983-04-16,5
1982,"Antiplatelet",1927-06-25,5
1982,"NSAID",1963-08-05,4
1986,"NSAID",1981-05-13,3
1987,"Antiplatelet",1945-06-03,4
1987,"NSAID",1981-04-25,4
1989,"Antiplatelet",1956-12-20,1
1989,"NSAID",1986-07-26,3
1990,"Antiplatelet",1970-04-25,1
1990,"NSAID",2005-05-07,1
1991,"Antiplatelet",1946-04-28,4
1991,"NSAID",1977-07-24,1
1992,"Antiplatelet",1992-10-19,1
1992,"NSAID",2016-09-18,2
1998,"NSAID",2015-10-01,2
1999,"NSAID",1978-06-20,4
2002,"NSAID",1976-04-06,4
2004,"Antiplatelet",1972-02-26,1
2004,"NSAID",2005-12-09,2
2005,"Antiplatelet",1977-10-12,1
2005,"NSAID",2010-01-14,2
2006,"Antiplatelet",1946-02-17,2
2006,"NSAID",1986-01-28,6
2007,"NSAID",1991-11-25,3
2012,"Antiplatelet",1959-12-18,4
2012,"NSAID",1994-04-13,2
2013,"NSAID",1996-08-19,1
2016,"Antiplatelet",1989-05-26,1
2016,"NSAID",1998-05-30,5
2017,"NSAID",2007-10-08,1
2020,"Antiplatelet",1973-07-17,2
2020,"NSAID",2006-05-10,2
2025,"Anticoagulant",1973-11-10,1
2025,"Antiplatelet",1918-09-01,8
2025,"NSAID",1946-12-28,1
2026,"NSAID",1995-07-14,2
2027,"Antiplatelet",1965-09-06,2
2027,"NSAID",2002-03-27,1
2028,"Antiplatelet",1984-07-13,1
2028,"NSAID",1987-02-08,1
2030,"Antiplatelet",2005-07-24,1
2030,"NSAID",1997-11-04,1
2033,"Antiplatelet",1956-04-25,1
2033,"NSAID",1995-02-25,2
2034,"Antiplatelet",1940-12-14,2
2034,"NSAID",1963-09-25,4
2037,"Antiplatelet",1960-05-15,2
2037,"NSAID",2000-05-20,2
2041,"Antiplatelet",1964-04-25,5
2041,"NSAID",1974-09-21,3
2043,"Antiplatelet",1958-05-28,2
2043,"NSAID",1997-08-21,1
2044,"Antiplatelet",1966-04-14,1
2044,"NSAID",1997-01-18,1
2046,"Antiplatelet",1942-10-11,4
2046,"NSAID",1984-11-29,3
2051,"Antiplatelet",1963-11-13,2
2051,"NSAID",1974-05-10,3
2052,"NSAID",2003-07-13,2
2053,"Antiplatelet",1954-10-06,3
2053,"NSAID",1993-11-04,2
2054,"Antiplatelet",1974-01-09,1
2054,"NSAID",2010-08-28,3
2056,"NSAID",1982-01-10,4
2058,"Antiplatelet",1970-04-29,2
2058,"NSAID",2000-08-03,2
2060,"Antiplatelet",1968-06-10,1
2060,"NSAID",2009-09-08,1
2062,"Anticoagulant",2014-11-29,1
2062,"Antiplatelet",1948-04-08,2
2062,"NSAID",1984-03-25,2
2063,"NSAID",2014-05-19,1
2064,"NSAID",2017-06-16,1
2069,"Antiplatelet",1952-06-17,1
2069,"NSAID",1988-09-01,1
2070,"Antiplatelet",1968-02-08,2
2070,"NSAID",2001-07-19,3
2071,"Antiplatelet",1970-02-20,2
2071,"NSAID",2004-05-22,2
2073,"Antiplatelet",2012-04-13,1
2073,"NSAID",1987-06-21,2
2075,"Antiplatelet",1966-07-28,1
2075,"NSAID",2006-03-10,3
2076,"Antiplatelet",1973-01-17,1
2076,"NSAID",1999-11-11,2
2077,"NSAID",1972-06-04,2
2078,"Antiplatelet",1982-07-09,1
2078,"NSAID",1983-04-13,6
2079,"NSAID",1991-06-25,3
2080,"NSAID",2000-11-11,3
2082,"Antiplatelet",1945-01-20,2
2082,"NSAID",1975-09-15,2
2084,"Antiplatelet",1984-03-23,1
2084,"NSAID",1999-08-17,1
2087,"Antiplatelet",1927-09-23,6
2087,"NSAID",1956-04-18,4
2088,"Antiplatelet",1910-02-14,6
2088,"NSAID",1945-03-02,2
2090,"Antiplatelet",1971-03-07,1
2090,"NSAID",2002-06-12,2
2091,"Antiplatelet",1965-06-12,1
2091,"NSAID",2001-10-26,1
2094,"Antiplatelet",1945-02-02,2
2094,"NSAID",1985-08-16,3
2097,"Antiplatelet",1982-11-04,1
2097,"NSAID",1993-02-07,3
2098,"Antiplatelet",1962-11-01,1
2098,"NSAID",2001-11-06,2
2100,"Antiplatelet",1944-08-01,6
2100,"NSAID",1976-01-16,4
2103,"Antiplatelet",1972-11-17,2
2103,"NSAID",1975-02-27,5
2105,"NSAID",1994-07-04,2
2108,"Anticoagulant",2018-12-28,1
2108,"Antiplatelet",1945-03-10,4
2108,"NSAID",1975-11-13,3
2109,"Antiplatelet",1971-02-16,2
2109,"NSAID",2005-12-04,1
2114,"Antiplatelet",1969-12-02,1
2114,"NSAID",2002-07-02,2
2115,"Antiplatelet",1968-02-21,2
2115,"NSAID",2004-06-01,1
2116,"NSAID",1990-10-04,3
2119,"Antiplatelet",1962-05-08,1
2119,"NSAID",2001-05-23,1
2122,"NSAID",1975-09-24,5
2123,"Antiplatelet",1952-07-22,3
2123,"NSAID",1986-11-29,3
2127,"Antiplatelet",1962-11-22,1
2127,"NSAID",1992-07-17,4
2130,"NSAID",1980-06-05,2
2131,"Antiplatelet",1956-06-29,1
2131,"NSAID",1986-12-04,2
2133,"Antiplatelet",1970-09-09,1
2133,"NSAID",1996-11-21,2
2134,"Antiplatelet",2017-04-02,1
2134,"NSAID",1988-02-19,1
2135,"Antiplatelet",1957-08-18,5
2135,"NSAID",1983-11-15,3
2136,"NSAID",2008-01-08,1
2138,"Antiplatelet",1957-02-26,2
2138,"NSAID",1990-04-24,3
2140,"NSAID",1984-02-13,2
2141,"Antiplatelet",1950-11-14,3
2141,"NSAID",1978-06-20,2
2145,"Antiplatelet",1965-12-10,1
2145,"NSAID",1982-03-16,3
2147,"Antiplatelet",1955-06-14,1
2147,"NSAID",1989-03-06,2
2149,"Antiplatelet",1982-03-14,2
2149,"NSAID",1990-09-19,2
2150,"Antiplatelet",1951-07-14,3
2150,"NSAID",1986-02-25,6
2151,"Anticoagulant",1975-04-30,1
2151,"Antiplatelet",1919-11-04,3
2151,"NSAID",1958-07-22,1
2152,"Anticoagulant",2008-02-23,1
2152,"Antiplatelet",1933-07-13,4
2152,"NSAID",1963-05-17,1
2153,"Antiplatelet",1972-04-17,1
2153,"NSAID",1992-09-18,2
2155,"Antiplatelet",2006-02-08,2
2155,"NSAID",1970-07-16,1
2156,"Antiplatelet",1968-08-01,1
2156,"NSAID",1988-04-18,3
2160,"Antiplatelet",1962-03-03,2
2160,"NSAID",1997-09-09,5
2164,"Antiplatelet",1973-08-25,1
2164,"NSAID",2012-08-05,2
2165,"Antiplatelet",1961-03-26,2
2165,"NSAID",1991-09-15,2
2166,"Antiplatelet",1986-09-09,1
2166,"NSAID",2000-12-24,1
2167,"NSAID",1993-08-23,2
2168,"Antiplatelet",1959-07-30,5
2168,"NSAID",1989-10-25,1
2172,"NSAID",1980-08-12,4
2173,"Antiplatelet",1934-11-14,3
2173,"NSAID",1975-02-17,2
2174,"NSAID",2012-02-06,1
2175,"Antiplatelet",1977-09-20,2
2175,"NSAID",1990-07-14,2
2176,"Antiplatelet",1957-07-16,4
2176,"NSAID",2000-06-30,1
2177,"Antiplatelet",1971-05-17,1
2177,"NSAID",1982-10-02,3
2180,"NSAID",2017-08-06,1
2184,"Antiplatelet",1969-02-16,2
2184,"NSAID",2002-12-23,3
2185,"Antiplatelet",1942-12-24,3
2185,"NSAID",1981-03-18,2
2186,"NSAID",1987-10-28,3
2189,"NSAID",2012-11-16,1
2190,"Antiplatelet",1955-12-08,1
2190,"NSAID",1983-09-22,3
2191,"NSAID",2011-12-25,1
2192,"Antiplatelet",1957-01-11,2
2192,"NSAID",1996-04-01,1
2199,"Antiplatelet",1980-05-17,1
2199,"NSAID",2016-10-30,1
2200,"Antiplatelet",1978-01-15,2
2200,"NSAID",2014-04-16,1
2202,"Antiplatelet",1987-06-30,1
2202,"NSAID",2011-04-20,1
2204,"Antiplatelet",1948-10-26,3
2204,"NSAID",1986-03-21,2
2206,"Antiplatelet",1976-03-30,2
2206,"NSAID",1986-01-18,2
2207,"Antiplatelet",1982-01-14,1
2207,"NSAID",2011-10-23,2
2210,"Antiplatelet",1937-09-20,3
2210,"NSAID",1974-05-04,2
2211,"NSAID",2007-01-27,1
2213,"Antiplatelet",1972-05-23,2
2213,"NSAID",1995-08-05,1
2217,"NSAID",1995-02-05,3
2218,"Antiplatelet",1984-02-12,1
2218,"NSAID",1986-09-08,2
2220,"Antiplatelet",1942-05-15,2
2220,"NSAID",1987-07-23,2
2222,"Antiplatelet",1992-08-19,2
2222,"NSAID",2005-11-04,2
2226,"Antiplatelet",1942-09-20,3
2226,"NSAID",1978-02-03,1
2228,"Antiplatelet",1952-12-17,1
2228,"NSAID",1984-08-26,4
2230,"NSAID",2009-01-28,1
2231,"NSAID",1982-09-03,5
2232,"NSAID",2001-09-08,3
2233,"NSAID",1997-06-24,3
2235,"Antiplatelet",1955-07-17,5
2235,"NSAID",1983-05-21,1
2237,"Antiplatelet",1931-10-27,6
2237,"NSAID",1967-01-16,2
2238,"NSAID",1989-01-16,3
2240,"Antiplatelet",1966-10-05,1
2240,"NSAID",2000-04-04,1
2242,"Antiplatelet",1939-08-04,3
2242,"NSAID",1964-09-16,2
2243,"Antiplatelet",1968-01-25,1
2243,"NSAID",2005-09-03,1
2244,"Anticoagulant",2017-10-13,1
2244,"Antiplatelet",1966-08-15,1
2244,"NSAID",1993-09-27,1
2250,"Antiplatelet",1960-10-12,1
2250,"NSAID",1995-03-18,1
2256,"NSAID",2012-03-23,1
2258,"Antiplatelet",1959-11-30,2
2258,"NSAID",1995-01-30,1
2260,"NSAID",1983-11-19,2
2261,"Antiplatelet",1964-02-03,5
2261,"NSAID",1993-02-19,4
2264,"Antiplatelet",1972-03-26,2
2264,"NSAID",2009-06-15,1
2265,"NSAID",2002-05-28,1
2266,"Antiplatelet",1969-06-12,2
2266,"NSAID",2008-04-28,2
2267,"Antiplatelet",1969-08-24,3
2267,"NSAID",1980-02-28,2
2270,"NSAID",2012-01-24,2
2272,"NSAID",2015-12-12,1
2273,"NSAID",2016-05-03,1
2274,"Antiplatelet",1949-07-20,1
2274,"NSAID",1976-02-02,4
2277,"Antiplatelet",1970-10-15,3
2277,"NSAID",2001-03-15,1
2280,"NSAID",1974-09-27,4
2283,"Antiplatelet",1939-03-12,3
2283,"NSAID",1975-07-21,3
2286,"Antiplatelet",1959-03-04,3
2286,"NSAID",1996-01-09,3
2287,"Anticoagulant",2004-05-21,1
2287,"Antiplatelet",1940-12-26,7
2287,"NSAID",1982-05-10,3
2289,"Antiplatelet",1957-04-23,2
2289,"NSAID",1975-08-13,4
2290,"Antiplatelet",1969-01-24,1
2290,"NSAID",1975-05-23,3
2291,"NSAID",1997-05-22,2
2292,"Antiplatelet",1964-12-09,2
2292,"NSAID",1979-02-24,4
2294,"Antiplatelet",1961-11-20,3
2294,"NSAID",1978-06-29,4
2295,"NSAID",1980-07-29,3
2297,"NSAID",2012-06-13,2
2298,"Antiplatelet",1972-02-21,2
2298,"NSAID",2006-01-03,2
2300,"Antiplatelet",1955-12-26,3
2300,"NSAID",1990-07-30,2
2307,"Antiplatelet",1966-08-25,2
2307,"NSAID",1985-07-16,2
2309,"Antiplatelet",1977-01-08,1
2309,"NSAID",1986-02-04,4
2311,"Antiplatelet",1964-06-07,2
2311,"NSAID",1993-05-11,1
2314,"Antiplatelet",1952-10-29,2
2314,"NSAID",1987-08-17,1
2315,"Antiplatelet",1978-08-23,1
2315,"NSAID",1984-01-24,2
2318,"Anticoagulant",1969-03-09,1
2318,"NSAID",1984-03-11,2
2319,"Antiplatelet",1948-11-06,3
2319,"NSAID",1980-11-23,2
2320,"Antiplatelet",1945-03-14,2
2320,"NSAID",1980-01-15,2
2325,"Antiplatelet",1972-05-21,1
2325,"NSAID",1996-05-15,3
2326,"Antiplatelet",1966-11-16,1
2326,"NSAID",1985-02-23,6
2327,"Antiplatelet",1958-10-11,1
2327,"NSAID",1985-10-10,4
2328,"Antiplatelet",1955-08-23,2
2328,"NSAID",1999-05-04,1
2329,"Antiplatelet",1973-12-27,2
2329,"NSAID",1976-08-06,2
2330,"Antiplatelet",1979-08-29,1
2330,"NSAID",1980-03-26,2
2332,"Antiplatelet",1958-12-11,3
2332,"NSAID",1996-10-27,1
2333,"Anticoagulant",1978-05-19,2
2333,"Antiplatelet",1922-12-18,6
2333,"NSAID",1957-04-13,4
2334,"Anticoagulant",2011-06-23,1
2334,"Antiplatelet",1936-02-29,6
2334,"NSAID",1971-07-05,3
2337,"Antiplatelet",2002-10-01,1
2337,"NSAID",1990-02-22,3
2339,"NSAID",2006-04-01,2
2340,"Antiplatelet",1961-01-22,3
2340,"NSAID",1999-05-14,1
2341,"Anticoagulant",2002-03-28,1
2341,"Antiplatelet",1967-01-08,1
2341,"NSAID",1986-01-03,3
2342,"NSAID",2018-06-25,2
2343,"Antiplatelet",1986-03-12,2
2343,"NSAID",1995-12-25,2
2344,"Antiplatelet",1970-10-04,2
2344,"NSAID",1999-11-21,1
2346,"Antiplatelet",1946-12-03,3
2346,"NSAID",1974-08-22,3
2347,"Antiplatelet",2002-02-25,1
2347,"NSAID",1980-03-04,3
2349,"Antiplatelet",1973-03-05,2
2349,"NSAID",1987-02-09,3
2351,"Antiplatelet",1949-05-13,5
2351,"NSAID",1990-11-24,2
2352,"NSAID",2012-08-01,1
2356,"NSAID",1985-02-23,4
2357,"Antiplatelet",1941-03-04,4
2357,"NSAID",1973-12-26,1
2358,"NSAID",2007-09-17,1
2359,"Antiplatelet",2011-04-25,2
2359,"NSAID",1965-01-30,2
2366,"Antiplatelet",1970-07-02,2
2366,"NSAID",2001-05-21,2
2367,"Antiplatelet",1975-04-27,1
2367,"NSAID",2016-04-06,1
2369,"NSAID",2018-07-18,1
2372,"Antiplatelet",1965-04-01,1
2372,"NSAID",1997-12-09,2
2373,"Antiplatelet",1956-09-15,2
2373,"NSAID",1997-10-25,1
2380,"Antiplatelet",1952-12-26,1
2380,"NSAID",1987-04-08,1
2381,"Antiplatelet",1939-05-02,3
2381,"NSAID",1973-04-28,3
2384,"NSAID",1997-05-13,6
2387,"NSAID",2002-10-27,2
2389,"NSAID",1974-01-05,4
2392,"Anticoagulant",1997-05-16,1
2392,"Antiplatelet",1916-11-30,5
2392,"NSAID",1948-05-16,1
2394,"Antiplatelet",1912-02-25,4
2394,"NSAID",1953-02-04,1
2395,"Antiplatelet",1961-08-31,4
2395,"NSAID",1989-07-26,2
2396,"Antiplatelet",1920-08-15,9
2396,"NSAID",1961-08-30,3
2402,"Antiplatelet",1987-01-17,1
2402,"NSAID",2014-03-18,1
2404,"Antiplatelet",1968-01-06,5
2404,"NSAID",1980-06-24,2
2406,"Antiplatelet",1946-02-22,2
2406,"NSAID",1979-04-20,1
2409,"NSAID",2011-01-25,2
2411,"Antiplatelet",1965-05-28,1
2411,"NSAID",2001-05-14,1
2412,"Antiplatelet",1951-02-20,3
2412,"NSAID",1994-12-01,1
2414,"Anticoagulant",1994-08-18,1
2414,"Antiplatelet",1924-01-03,5
2414,"NSAID",1957-04-14,1
2418,"NSAID",1975-12-23,5
2419,"Antiplatelet",1949-07-26,4
2419,"NSAID",1979-10-02,1
2423,"Antiplatelet",1962-05-24,1
2423,"NSAID",1992-11-01,3
2424,"Anticoagulant",1997-06-06,1
2424,"Antiplatelet",1979-08-14,1
2424,"NSAID",2004-04-19,1
2425,"Antiplatelet",1962-01-08,4
2425,"NSAID",1991-04-27,3
2427,"NSAID",1984-12-23,3
2428,"Antiplatelet",1977-04-10,1
2428,"NSAID",1975-02-20,3
2431,"Antiplatelet",1975-06-30,1
2431,"NSAID",1989-09-20,3
2433,"Antiplatelet",1958-02-14,2
2433,"NSAID",1981-06-04,2
2435,"NSAID",2015-11-20,1
2436,"Antiplatelet",1915-12-26,4
2436,"NSAID",1948-06-25,3
2437,"Antiplatelet",1963-08-11,1
2437,"NSAID",1998-10-17,1
2438,"NSAID",2016-08-27,2
2439,"Antiplatelet",1973-05-12,2
2439,"NSAID",1976-02-11,3
2442,"NSAID",1979-07-09,3
2443,"Antiplatelet",1965-05-12,1
2443,"NSAID",1999-04-09,1
2444,"Antiplatelet",1963-02-26,2
2444,"NSAID",1998-11-14,2
2445,"Antiplatelet",1928-08-28,4
2445,"NSAID",1964-03-12,2
2447,"NSAID",2011-02-09,2
2448,"NSAID",2000-05-22,1
2450,"Antiplatelet",1952-07-27,2
2450,"NSAID",1986-05-15,1
2456,"Antiplatelet",1956-05-18,1
2456,"NSAID",1995-05-04,1
2458,"Antiplatelet",1972-03-14,1
2458,"NSAID",1996-05-05,4
2459,"Antiplatelet",1980-06-30,1
2459,"NSAID",2015-08-31,1
2460,"NSAID",1986-03-31,2
2461,"NSAID",1976-01-13,2
2462,"Antiplatelet",1964-09-22,1
2462,"NSAID",1997-09-29,3
2463,"Antiplatelet",1970-03-06,4
2463,"NSAID",2006-07-20,2
2466,"NSAID",1989-06-25,2
2468,"Antiplatelet",1939-04-05,3
2468,"NSAID",1976-01-21,1
2469,"Antiplatelet",1971-10-30,2
2469,"NSAID",2008-08-06,1
2470,"Antiplatelet",1959-09-11,2
2470,"NSAID",1992-12-21,2
2476,"NSAID",1994-01-12,1
2477,"Antiplatelet",1956-03-23,2
2477,"NSAID",1998-06-06,1
2480,"Antiplatelet",1961-03-24,2
2480,"NSAID",1977-12-06,3
2481,"Antiplatelet",1972-05-05,1
2481,"NSAID",1984-06-01,4
2482,"NSAID",1995-03-03,3
2483,"Antiplatelet",1945-03-29,3
2483,"NSAID",1984-08-11,1
2485,"Antiplatelet",1913-08-31,2
2485,"NSAID",1953-03-09,4
2486,"NSAID",1996-12-21,2
2487,"NSAID",1992-08-09,1
2495,"NSAID",1987-06-26,3
2497,"Anticoagulant",2017-08-17,1
2497,"Antiplatelet",1963-03-24,1
2497,"NSAID",2004-06-28,2
2498,"Antiplatelet",1972-08-03,5
2498,"NSAID",2007-11-18,2
2501,"Antiplatelet",1962-05-26,5
2501,"NSAID",1995-09-03,3
2503,"NSAID",2017-02-24,1
2504,"NSAID",1989-12-31,1
2507,"Antiplatelet",1973-01-19,1
2507,"NSAID",1996-11-16,4
2509,"Antiplatelet",1975-11-04,1
2509,"NSAID",2006-05-20,1
2518,"NSAID",1988-05-29,3
2521,"Antiplatelet",1949-01-13,7
2521,"NSAID",1983-12-31,1
2522,"NSAID",1991-01-24,2
2524,"Antiplatelet",1951-09-20,1
2524,"NSAID",1987-03-26,1
2525,"NSAID",1976-01-24,2
2526,"Antiplatelet",1977-04-28,1
2526,"NSAID",1976-08-14,5
2528,"Antiplatelet",1974-09-15,1
2528,"NSAID",2007-08-03,2
2530,"Antiplatelet",1964-10-23,4
2530,"NSAID",2000-09-04,1
2534,"NSAID",1974-10-13,2
2535,"Antiplatelet",1961-03-02,3
2535,"NSAID",1999-03-13,1
2537,"Antiplatelet",1948-08-11,4
2537,"NSAID",1990-01-23,2
2540,"Antiplatelet",1942-08-23,6
2540,"NSAID",1975-01-02,3
2541,"Antiplatelet",1998-08-10,1
2541,"NSAID",1997-01-27,2
2542,"NSAID",1974-12-29,4
2543,"Antiplatelet",1965-11-12,2
2543,"NSAID",2001-03-28,2
2545,"Antiplatelet",1947-09-14,3
2545,"NSAID",1987-01-02,1
2546,"Antiplatelet",1976-12-31,1
2546,"NSAID",2011-09-10,1
2548,"NSAID",1997-11-14,2
2550,"NSAID",1997-01-02,3
2551,"Antiplatelet",1959-03-19,1
2551,"NSAID",1990-07-04,3
2554,"Antiplatelet",1936-06-11,6
2554,"NSAID",1968-02-09,2
2555,"Antiplatelet",1953-04-02,3
2555,"NSAID",1990-11-13,1
2556,"NSAID",2004-06-03,1
2559,"Antiplatelet",1958-07-15,3
2559,"NSAID",1990-03-29,2
2561,"NSAID",1998-03-27,3
2563,"Antiplatelet",1972-04-11,3
2563,"NSAID",2000-03-06,2
2564,"Antiplatelet",1978-08-11,2
2564,"NSAID",2009-12-22,2
2566,"Antiplatelet",1941-02-15,3
2566,"NSAID",1978-12-03,3
2567,"NSAID",2014-02-01,2
2570,"Antiplatelet",1946-09-23,2
2570,"NSAID",1971-03-06,4
2572,"Antiplatelet",1971-05-15,1
2572,"NSAID",2009-07-04,2
2574,"Antiplatelet",1973-01-30,1
2574,"NSAID",2005-05-08,1
2576,"NSAID",1980-10-03,3
2577,"Antiplatelet",1986-07-03,1
2577,"NSAID",1976-08-24,3
2578,"NSAID",2003-04-06,3
2579,"Antiplatelet",1953-11-11,2
2579,"NSAID",1992-04-30,1
2580,"Antiplatelet",1998-02-23,1
2580,"NSAID",1995-01-16,1
2583,"Antiplatelet",1973-01-30,2
2583,"NSAID",1989-07-05,3
2586,"NSAID",1979-01-04,3
2588,"Antiplatelet",1969-06-05,2
2588,"NSAID",2002-04-03,3
2589,"NSAID",1998-01-02,3
2590,"Antiplatelet",1966-06-27,2
2590,"NSAID",1979-01-18,3
2591,"Antiplatelet",1943-06-14,3
2591,"NSAID",1974-08-20,2
2594,"NSAID",1979-09-03,2
2596,"Antiplatelet",1969-05-31,2
2596,"NSAID",2004-06-06,3
2597,"Antiplatelet",1973-01-12,1
2597,"NSAID",1999-06-07,2
2598,"NSAID",1992-07-07,2
2599,"NSAID",1979-12-19,2
2602,"Antiplatelet",1948-11-28,1
2602,"NSAID",1986-11-14,2
2603,"Antiplatelet",1962-11-23,1
2603,"NSAID",1996-09-03,2
2604,"Antiplatelet",1957-04-04,2
2604,"NSAID",1986-05-21,3
2609,"Antiplatelet",1960-03-22,3
2609,"NSAID",1993-07-12,1
2610,"Antiplatelet",1960-06-20,4
2610,"NSAID",1992-06-17,1
2611,"NSAID",1977-12-28,3
2613,"Antiplatelet",1958-11-23,2
2613,"NSAID",1996-09-14,2
2615,"NSAID",1987-01-25,2
2616,"NSAID",1987-12-08,2
2617,"Antiplatelet",1953-12-30,3
2617,"NSAID",1987-07-15,3
2619,"Antiplatelet",1941-01-29,7
2619,"NSAID",1978-08-18,1
2620,"Antiplatelet",1988-09-01,1
2620,"NSAID",1979-09-19,4
2621,"Antiplatelet",1964-10-12,3
2621,"NSAID",1989-04-28,3
2622,"Antiplatelet",1931-10-04,2
2622,"NSAID",1975-03-17,3
2624,"Antiplatelet",1972-08-10,2
2624,"NSAID",2006-06-18,2
2626,"Antiplatelet",1965-04-22,1
2626,"NSAID",1976-01-25,4
2630,"NSAID",1978-01-14,3
2631,"Antiplatelet",1954-09-24,2
2631,"NSAID",1992-10-19,1
2633,"Antiplatelet",1948-05-13,3
2633,"NSAID",1981-08-28,1
2636,"Antiplatelet",1964-03-25,2
2636,"NSAID",2002-04-25,2
2644,"Antiplatelet",1985-05-28,1
2644,"NSAID",2014-11-19,1
2646,"Antiplatelet",1977-12-23,1
2646,"NSAID",1988-04-29,2
2647,"Antiplatelet",1971-05-12,2
2647,"NSAID",1996-06-29,2
2649,"Antiplatelet",1971-01-05,2
2649,"NSAID",1993-01-15,1
2651,"Antiplatelet",1951-05-25,4
2651,"NSAID",1989-07-24,3
2654,"Antiplatelet",1945-06-26,2
2654,"NSAID",1983-04-13,3
2657,"NSAID",2000-05-19,3
2659,"NSAID",1977-09-08,5
2661,"Antiplatelet",1969-06-17,1
2661,"NSAID",2005-01-19,2
2662,"NSAID",2002-07-05,3
2663,"Antiplatelet",1972-03-17,1
2663,"NSAID",2002-09-11,3
2666,"Antiplatelet",1953-01-05,5
2666,"NSAID",1992-06-24,1
2669,"NSAID",1979-10-24,2
2672,"Antiplatelet",1956-05-28,3
2672,"NSAID",1995-03-05,3
2673,"NSAID",2009-03-21,2
2674,"NSAID",1996-08-09,2
2675,"Antiplatelet",2012-08-19,1
2675,"NSAID",1978-02-13,5
2677,"Antiplatelet",1974-11-30,3
2677,"NSAID",2006-11-27,2
2679,"Antiplatelet",1989-08-02,1
2679,"NSAID",2009-12-13,3
2680,"Antiplatelet",1974-01-28,1
2680,"NSAID",1996-05-16,2
2682,"NSAID",1978-01-20,3
2684,"Antiplatelet",1962-08-06,1
2684,"NSAID",1995-09-27,3
2685,"Antiplatelet",1943-01-25,3
2685,"NSAID",1974-09-30,2
2686,"Antiplatelet",1967-12-02,2
2686,"NSAID",1995-02-28,3
2688,"Antiplatelet",1963-01-17,2
2688,"NSAID",2001-08-25,1
2690,"Antiplatelet",1949-06-27,2
2690,"NSAID",1983-12-16,3
2692,"Antiplatelet",1997-11-17,1
2692,"NSAID",1986-01-21,2
2693,"Antiplatelet",1972-10-30,1
2693,"NSAID",1997-05-27,1
2697,"Antiplatelet",1933-07-19,4
2697,"NSAID",1975-12-26,1
2698,"NSAID",1989-08-02,2
2699,"Antiplatelet",1973-08-03,1
2699,"NSAID",1976-07-02,3
2702,"Antiplatelet",1943-05-31,6
2702,"NSAID",1983-04-21,2
2703,"Antiplatelet",1977-07-15,1
2703,"NSAID",1999-08-10,4
2704,"NSAID",1994-12-11,3
2705,"Anticoagulant",2010-12-11,1
2705,"Antiplatelet",1965-09-27,1
2705,"NSAID",1978-03-13,4
2706,"Antiplatelet",1975-10-03,2
2706,"NSAID",2000-08-06,4
2708,"Antiplatelet",1987-05-17,1
2708,"NSAID",1988-10-16,3
2709,"Antiplatelet",1942-12-20,3
2709,"NSAID",1984-01-14,2
2711,"Antiplatelet",1955-09-28,1
2711,"NSAID",1989-09-04,1
2712,"Antiplatelet",1964-05-29,5
2712,"NSAID",1978-04-07,3
2715,"Antiplatelet",1971-08-20,2
2715,"NSAID",1999-05-25,1
2721,"Anticoagulant",2017-04-22,1
2721,"Antiplatelet",1971-11-20,2
2721,"NSAID",2010-07-23,1
2724,"Antiplatelet",1959-11-23,2
2724,"NSAID",1999-11-23,2
2731,"Antiplatelet",1960-12-08,5
2731,"NSAID",1977-07-01,4
2732,"Antiplatelet",1987-07-23,1
2732,"NSAID",2004-03-21,1
2736,"Antiplatelet",1970-05-03,1
2736,"NSAID",2015-07-11,1
2739,"Antiplatelet",1957-03-20,1
2739,"NSAID",1992-03-28,1
2740,"NSAID",2010-04-19,2
2743,"Antiplatelet",1968-02-24,1
2743,"NSAID",1992-02-18,1
2745,"NSAID",2004-12-13,3
2747,"Antiplatelet",1980-06-29,1
2747,"NSAID",1976-02-21,5
2749,"Antiplatelet",1966-08-18,1
2749,"NSAID",1994-04-08,2
2750,"Antiplatelet",1926-10-29,3
2750,"NSAID",1963-01-23,3
2752,"Antiplatelet",1952-06-10,3
2752,"NSAID",1982-10-20,2
2757,"Antiplatelet",1976-02-15,2
2757,"NSAID",1974-02-27,2
2758,"Anticoagulant",2005-11-18,1
2758,"Antiplatelet",1940-08-28,4
2758,"NSAID",1980-06-09,1
2760,"Antiplatelet",1959-11-13,5
2760,"NSAID",2001-05-31,1
2761,"NSAID",1984-09-25,2
2764,"Antiplatelet",1977-12-01,1
2764,"NSAID",2009-10-09,1
2765,"Antiplatelet",1937-06-05,7
2765,"NSAID",1974-06-26,2
2767,"Anticoagulant",1939-05-23,1
2767,"Antiplatelet",1975-01-12,1
2767,"NSAID",1970-10-17,1
2768,"Antiplatelet",1973-12-16,1
2768,"NSAID",2010-07-15,1
2770,"Antiplatelet",2015-08-15,2
2770,"NSAID",1972-06-12,4
2771,"Anticoagulant",1974-09-02,2
2771,"Antiplatelet",1914-07-23,5
2771,"NSAID",1946-09-23,2
2774,"Antiplatelet",1941-01-16,3
2774,"NSAID",1977-09-29,3
2776,"NSAID",2013-02-23,2
2777,"Antiplatelet",1969-07-13,1
2777,"NSAID",1993-10-01,4
2778,"NSAID",2011-07-27,1
2779,"NSAID",1976-03-18,5
2780,"Antiplatelet",1960-04-10,1
2780,"NSAID",1997-07-11,2
2781,"NSAID",2016-12-29,1
2782,"Anticoagulant",1977-01-26,1
2782,"Antiplatelet",1921-08-10,6
2782,"NSAID",1955-03-30,1
2786,"Antiplatelet",1926-03-13,8
2786,"NSAID",1959-10-11,4
2788,"NSAID",2018-06-27,1
2790,"Antiplatelet",1966-07-11,2
2790,"NSAID",1985-08-30,2
2792,"Antiplatelet",1958-02-04,5
2792,"NSAID",2001-12-10,2
2798,"Antiplatelet",1958-04-18,3
2798,"NSAID",1994-02-18,1
2799,"NSAID",1985-04-06,4
2801,"Antiplatelet",1923-11-09,5
2801,"NSAID",1966-02-21,2
2802,"Antiplatelet",1943-02-16,7
2802,"NSAID",1983-01-17,1
2804,"Antiplatelet",1952-08-05,3
2804,"NSAID",1988-03-20,5
2806,"Antiplatelet",1957-09-22,4
2806,"NSAID",1996-03-21,1
2812,"Antiplatelet",1940-04-26,2
2812,"NSAID",1970-12-15,2
2813,"Anticoagulant",2013-10-18,1
2813,"Antiplatelet",1936-07-16,4
2813,"NSAID",1967-11-01,3
2815,"Antiplatelet",1973-02-18,1
2815,"NSAID",1996-01-17,3
2818,"Antiplatelet",1970-02-21,1
2818,"NSAID",1977-09-01,3
2821,"Antiplatelet",1920-07-01,6
2821,"NSAID",1959-02-12,3
2822,"Antiplatelet",1983-07-06,1
2822,"NSAID",2011-11-30,1
2825,"Antiplatelet",1927-03-16,5
2825,"NSAID",1964-03-06,1
2827,"Anticoagulant",2000-12-26,1
2827,"Antiplatelet",1924-02-11,3
2827,"NSAID",1958-04-08,3
2829,"Antiplatelet",1951-01-02,1
2829,"NSAID",1988-01-13,1
2830,"NSAID",2007-12-22,1
2832,"NSAID",2000-06-25,2
2833,"Antiplatelet",1975-12-13,1
2833,"NSAID",1977-05-21,2
2834,"Antiplatelet",1938-07-18,4
2834,"NSAID",1972-01-06,1
2835,"Antiplatelet",1913-11-07,3
2835,"NSAID",1950-10-19,2
2836,"NSAID",2019-01-10,1
2837,"NSAID",2008-01-10,1
2839,"Antiplatelet",1986-04-29,1
2839,"NSAID",1984-06-17,2
2841,"Antiplatelet",1950-04-22,1
2841,"NSAID",1979-12-14,2
2842,"Antiplatelet",1970-03-26,2
2842,"NSAID",1995-12-05,1
2843,"NSAID",2000-01-09,1
2844,"NSAID",1992-01-17,1
2845,"Antiplatelet",1961-03-24,1
2845,"NSAID",1994-10-12,2
2846,"Antiplatelet",1973-07-20,1
2846,"NSAID",1981-02-22,4
2847,"NSAID",2001-11-18,1
2849,"Antiplatelet",1921-09-22,4
2849,"NSAID",1959-04-16,4
2853,"NSAID",1980-05-23,2
2857,"NSAID",2006-03-16,1
2858,"Antiplatelet",1911-06-15,6
2858,"NSAID",1953-05-26,3
2859,"Antiplatelet",1943-10-08,2
2859,"NSAID",1976-10-24,1
2860,"Antiplatelet",1945-05-29,2
2860,"NSAID",1982-05-25,3
2861,"Antiplatelet",1966-11-05,1
2861,"NSAID",1977-04-25,3
2862,"Antiplatelet",1974-12-16,1
2862,"NSAID",1999-03-15,3
2863,"Antiplatelet",1963-10-04,3
2863,"NSAID",2006-04-21,1
2864,"Antiplatelet",1945-02-24,3
2864,"NSAID",1976-04-02,1
2865,"NSAID",2003-03-11,2
2866,"Antiplatelet",1967-09-01,1
2866,"NSAID",2005-10-21,1
2867,"NSAID",1979-06-11,2
2868,"Antiplatelet",1967-05-12,3
2868,"NSAID",2003-10-15,1
2869,"Anticoagulant",2009-12-15,1
2869,"Antiplatelet",1951-11-18,4
2869,"NSAID",1989-02-06,3
2871,"Antiplatelet",1951-06-09,3
2871,"NSAID",1996-07-12,2
2872,"Antiplatelet",1954-03-31,4
2872,"NSAID",1998-10-11,1
2876,"Antiplatelet",1964-08-05,2
2876,"NSAID",2004-12-18,2
2878,"Antiplatelet",1993-07-08,1
2878,"NSAID",1994-06-01,2
2882,"NSAID",2005-09-21,1
2883,"NSAID",2002-06-06,1
2886,"Antiplatelet",1953-02-15,3
2886,"NSAID",1983-04-22,1
2889,"NSAID",2002-02-23,2
2890,"Antiplatelet",1964-02-26,2
2890,"NSAID",2001-12-13,1
2891,"NSAID",2012-08-11,2
2892,"NSAID",1974-09-19,5
2893,"Antiplatelet",1948-03-07,4
2893,"NSAID",1985-08-05,1
2894,"Antiplatelet",1923-01-07,7
2894,"NSAID",1958-04-23,5
2895,"Antiplatelet",1961-11-01,3
2895,"NSAID",1997-05-06,4
2896,"Antiplatelet",1970-10-14,2
2896,"NSAID",2002-03-05,2
2897,"Antiplatelet",1962-09-22,3
2897,"NSAID",2001-03-23,3
2898,"Antiplatelet",1982-07-22,1
2898,"NSAID",1979-09-13,5
2899,"Antiplatelet",1953-01-18,2
2899,"NSAID",1979-01-25,3
2902,"Antiplatelet",1947-11-27,3
2902,"NSAID",1991-04-10,2
2903,"Antiplatelet",1965-12-03,1
2903,"NSAID",1980-03-01,3
2904,"Antiplatelet",1973-03-05,2
2904,"NSAID",2007-03-27,1
2905,"Antiplatelet",1972-01-07,1
2905,"NSAID",1974-06-06,3
2906,"Antiplatelet",1924-11-08,10
2906,"NSAID",1965-06-11,2
2909,"Anticoagulant",1962-04-07,1
2909,"Antiplatelet",1956-07-27,2
2909,"NSAID",1986-09-03,1
2913,"Antiplatelet",1948-01-14,1
2913,"NSAID",1979-06-05,3
2914,"Antiplatelet",1959-09-01,2
2914,"NSAID",1997-03-09,1
2915,"Antiplatelet",1955-10-28,1
2915,"NSAID",1981-11-14,1
2917,"Anticoagulant",1989-09-13,1
2917,"Antiplatelet",1939-01-20,2
2917,"NSAID",1976-02-10,2
2919,"Antiplatelet",2017-12-16,1
2919,"NSAID",1984-03-29,2
2921,"Antiplatelet",1940-07-18,5
2921,"NSAID",1979-05-25,2
2925,"Antiplatelet",1961-02-03,2
2925,"NSAID",1998-12-21,3
2926,"NSAID",2017-10-29,2
2927,"Antiplatelet",1942-10-21,2
2927,"NSAID",1982-07-03,3
2929,"NSAID",1975-10-11,2
2933,"Antiplatelet",1955-11-13,4
2933,"NSAID",1998-07-30,1
2935,"NSAID",2004-02-08,3
2936,"Antiplatelet",1989-03-03,1
2936,"NSAID",1975-07-24,2
2939,"Antiplatelet",1964-06-21,1
2939,"NSAID",1997-10-31,1
2942,"Anticoagulant",2016-09-28,1
2942,"Antiplatelet",1954-05-25,6
2942,"NSAID",1998-10-01,1
2943,"Antiplatelet",1915-07-26,7
2943,"NSAID",1952-11-08,2
2944,"Antiplatelet",1960-03-31,5
2944,"NSAID",1976-03-01,3
2945,"Antiplatelet",1950-11-18,1
2945,"NSAID",1979-12-05,4
2947,"NSAID",1991-03-28,2
2949,"Antiplatelet",1950-10-23,2
2949,"NSAID",1986-04-02,3
2950,"Antiplatelet",1936-08-09,4
2950,"NSAID",1978-04-26,2
2951,"Antiplatelet",1959-11-11,2
2951,"NSAID",1983-08-07,3
2953,"NSAID",1984-11-01,4
2955,"Antiplatelet",1981-12-23,1
2955,"NSAID",1974-03-05,3
2957,"NSAID",1985-05-14,1
2959,"NSAID",1986-09-29,3
2960,"NSAID",1988-10-12,2
2961,"NSAID",2004-03-06,2
2965,"Antiplatelet",1971-02-18,2
2965,"NSAID",1978-03-13,4
2966,"Antiplatelet",1963-10-02,2
2966,"NSAID",2001-02-19,1
2969,"Antiplatelet",1969-12-31,1
2969,"NSAID",1986-03-03,3
2970,"NSAID",2004-11-27,2
2975,"Antiplatelet",1965-05-22,1
2975,"NSAID",1997-09-16,2
2976,"Antiplatelet",1958-01-08,1
2976,"NSAID",1995-09-26,1
2980,"Antiplatelet",1973-12-08,2
2980,"NSAID",1974-06-06,2
2985,"Antiplatelet",1964-12-12,5
2985,"NSAID",2001-12-23,3
2986,"NSAID",1980-05-24,1
2987,"NSAID",1975-08-10,2
2988,"Antiplatelet",1965-10-22,3
2988,"NSAID",2001-07-15,2
2989,"Antiplatelet",1956-04-13,1
2989,"NSAID",1998-02-27,4
2991,"NSAID",1984-04-27,3
2992,"Antiplatelet",1962-12-03,2
2992,"NSAID",1979-05-12,5
2993,"Antiplatelet",1989-02-03,1
2993,"NSAID",2012-09-15,2
2997,"NSAID",1994-01-29,3
3000,"Antiplatelet",1948-09-13,3
3000,"NSAID",1983-09-20,4
3001,"Antiplatelet",1951-06-27,5
3001,"NSAID",1980-12-15,2
3002,"NSAID",1975-03-25,2
3004,"NSAID",1991-05-16,1
3007,"Antiplatelet",1969-04-09,1
3007,"NSAID",1979-07-21,3
3010,"Antiplatelet",1973-07-24,2
3010,"NSAID",1996-08-13,2
3011,"NSAID",1978-01-19,3
3013,"Antiplatelet",1960-01-23,3
3013,"NSAID",1992-10-02,2
3014,"NSAID",2012-11-06,1
3017,"Antiplatelet",1958-04-13,1
3017,"NSAID",1991-04-30,1
3019,"NSAID",2000-10-28,2
3020,"Antiplatelet",1959-01-04,3
3020,"NSAID",1996-04-12,1
3022,"NSAID",1975-04-20,4
3023,"Antiplatelet",1993-04-24,1
3023,"NSAID",2018-02-02,1
3025,"Antiplatelet",1946-10-22,3
3025,"NSAID",1984-08-03,2
3026,"Antiplatelet",1971-07-28,1
3026,"NSAID",1980-05-11,4
3028,"Anticoagulant",2007-05-17,1
3028,"Antiplatelet",1964-08-24,1
3028,"NSAID",2000-07-01,1
3030,"NSAID",1981-10-17,5
3035,"Antiplatelet",1968-01-28,4
3035,"NSAID",2004-09-30,1
3040,"NSAID",2010-09-27,1
3041,"NSAID",2018-04-12,1
3044,"Antiplatelet",1969-07-20,2
3044,"NSAID",1998-02-09,4
3047,"NSAID",1975-02-11,4
3048,"NSAID",2008-08-24,1
3049,"Antiplatelet",1997-09-12,1
3049,"NSAID",2014-08-02,2
3053,"NSAID",1997-10-31,3
3056,"Antiplatelet",1959-01-31,1
3056,"NSAID",1997-05-12,1
3057,"Antiplatelet",1938-07-28,5
3057,"NSAID",1973-06-14,4
3059,"Antiplatelet",1975-03-13,1
3059,"NSAID",2008-09-17,3
3060,"Antiplatelet",1926-12-14,3
3060,"NSAID",1961-02-08,4
3064,"Antiplatelet",1936-08-28,7
3064,"NSAID",1975-05-16,4
3065,"NSAID",1981-02-23,3
3067,"Antiplatelet",1941-01-12,3
3067,"NSAID",1976-07-27,3
3069,"Antiplatelet",1968-02-11,2
3069,"NSAID",1977-05-29,3
3070,"Antiplatelet",1967-08-28,1
3070,"NSAID",1999-12-31,2
3072,"NSAID",1995-11-27,2
3074,"Antiplatelet",1953-12-20,1
3074,"NSAID",1986-07-20,2
3076,"Antiplatelet",1967-07-27,1
3076,"NSAID",1989-02-06,7
3077,"Antiplatelet",1965-04-18,5
3077,"NSAID",1978-02-12,2
3079,"Antiplatelet",1934-07-14,1
3079,"NSAID",1972-11-26,4
3080,"Antiplatelet",1944-08-23,3
3080,"NSAID",1981-09-18,6
3081,"Antiplatelet",2011-09-07,1
3081,"NSAID",1976-07-14,4
3082,"NSAID",2004-03-12,1
3083,"Antiplatelet",1952-02-23,2
3083,"NSAID",1994-07-07,2
3084,"NSAID",1978-04-22,3
3086,"Antiplatelet",1971-11-30,1
3086,"NSAID",1982-11-11,2
3087,"Antiplatelet",1941-02-13,2
3087,"NSAID",1976-04-05,2
3088,"Antiplatelet",1978-10-21,1
3088,"NSAID",1980-08-21,1
3090,"NSAID",2001-02-02,2
3092,"Antiplatelet",1955-10-25,3
3092,"NSAID",1994-06-02,1
3093,"Antiplatelet",1973-05-16,1
3093,"NSAID",2009-11-03,1
3096,"Anticoagulant",2011-10-02,1
3096,"Antiplatelet",1964-10-17,5
3096,"NSAID",1997-07-31,3
3098,"NSAID",1994-07-15,4
3100,"Antiplatelet",1952-09-12,3
3100,"NSAID",1989-10-18,2
3103,"Antiplatelet",1978-11-06,3
3103,"NSAID",1983-03-15,2
3105,"Antiplatelet",1970-11-22,4
3105,"NSAID",2000-10-13,3
3106,"Antiplatelet",1952-01-01,1
3106,"NSAID",1990-03-22,1
3109,"Antiplatelet",1920-03-03,5
3109,"NSAID",1953-10-16,2
3114,"Antiplatelet",1946-10-18,2
3114,"NSAID",1983-02-21,2
3115,"Antiplatelet",1968-10-26,3
3115,"NSAID",2006-04-30,1
3117,"NSAID",2008-04-14,2
3118,"Antiplatelet",1949-11-30,4
3118,"NSAID",1985-12-21,1
3119,"Antiplatelet",1982-01-05,1
3119,"NSAID",1978-02-25,4
3123,"Antiplatelet",1993-07-03,1
3123,"NSAID",1979-07-26,5
3125,"Antiplatelet",1951-12-25,5
3125,"NSAID",1975-09-30,5
3128,"NSAID",1982-09-05,3
3129,"NSAID",1998-03-27,2
3132,"Antiplatelet",1965-11-23,3
3132,"NSAID",2007-04-17,1
3133,"Antiplatelet",1956-09-19,6
3133,"NSAID",1989-06-03,1
3134,"Anticoagulant",2007-02-15,1
3134,"Antiplatelet",1924-08-09,4
3134,"NSAID",1963-09-04,2
3135,"NSAID",2001-07-16,2
3137,"Antiplatelet",1912-03-02,2
3137,"NSAID",1945-04-23,1
3141,"Antiplatelet",1981-11-11,1
3141,"NSAID",1998-05-28,2
3144,"Antiplatelet",1964-07-22,2
3144,"NSAID",2007-05-03,1
3145,"Antiplatelet",1975-04-06,1
3145,"NSAID",2010-12-03,1
3147,"Antiplatelet",1949-10-27,3
3147,"NSAID",1983-09-19,1
3149,"Antiplatelet",1958-02-11,2
3149,"NSAID",1989-10-31,1
3150,"Antiplatelet",1939-11-23,2
3150,"NSAID",1975-06-07,1
3157,"Antiplatelet",1952-12-31,4
3157,"NSAID",1986-05-12,4
3158,"Antiplatelet",1963-04-14,5
3158,"NSAID",1990-02-06,1
3159,"Antiplatelet",1970-06-27,2
3159,"NSAID",1994-12-18,3
3161,"Antiplatelet",1951-06-15,6
3161,"NSAID",1979-11-09,2
3167,"Antiplatelet",1960-09-03,1
3167,"NSAID",1979-02-17,3
3168,"NSAID",2003-02-17,4
3170,"Antiplatelet",1958-06-13,1
3170,"NSAID",1985-08-30,1
3172,"NSAID",2004-09-16,2
3174,"NSAID",2000-01-02,2
3175,"Antiplatelet",1954-11-19,1
3175,"NSAID",1993-12-24,4
3176,"Antiplatelet",1982-04-10,2
3176,"NSAID",1989-02-16,2
3177,"Anticoagulant",2012-05-09,1
3177,"Antiplatelet",1917-03-16,7
3177,"NSAID",1950-04-27,2
3178,"Anticoagulant",2006-09-23,2
3178,"Antiplatelet",1984-08-07,1
3178,"NSAID",1994-07-30,1
3179,"Antiplatelet",1925-10-30,3
3179,"NSAID",1958-12-06,1
3181,"Antiplatelet",1964-11-04,1
3181,"NSAID",1987-11-19,3
3183,"Antiplatelet",1988-05-02,1
3183,"NSAID",1983-04-29,2
3184,"Antiplatelet",1963-03-22,1
3184,"NSAID",1995-11-16,2
3189,"Antiplatelet",1965-09-14,3
3189,"NSAID",2000-03-29,2
3191,"Antiplatelet",1960-04-13,3
3191,"NSAID",1976-08-31,3
3194,"Antiplatelet",1944-11-01,2
3194,"NSAID",1980-08-24,1
3195,"Antiplatelet",1951-02-10,2
3195,"NSAID",1984-10-09,3
3196,"Antiplatelet",1975-08-23,1
3196,"NSAID",2000-11-25,2
3199,"Antiplatelet",1975-08-19,1
3199,"NSAID",2009-06-11,1
3200,"Antiplatelet",1948-04-13,1
3200,"NSAID",1985-01-29,2
3201,"Antiplatelet",1941-03-26,5
3201,"NSAID",1976-07-25,1
3207,"Antiplatelet",1963-08-12,1
3207,"NSAID",1982-11-05,3
3208,"Antiplatelet",2008-01-18,1
3208,"NSAID",1975-10-02,3
3211,"Antiplatelet",1965-06-09,3
3211,"NSAID",1996-11-03,1
3212,"Anticoagulant",2018-07-21,1
3212,"NSAID",2006-10-25,2
3214,"NSAID",1975-06-12,6
3215,"Antiplatelet",1978-06-30,2
3215,"NSAID",2003-10-17,2
3216,"Antiplatelet",1956-03-26,2
3216,"NSAID",1974-02-12,2
3217,"NSAID",1998-05-08,2
3218,"Antiplatelet",1960-10-21,1
3218,"NSAID",1992-10-04,2
3219,"NSAID",2005-11-08,2
3221,"Antiplatelet",1965-05-21,2
3221,"NSAID",1992-07-12,2
3222,"Antiplatelet",1952-01-27,3
3222,"NSAID",1993-03-12,2
3223,"Antiplatelet",1919-08-03,3
3223,"NSAID",1959-12-21,2
3224,"NSAID",2001-12-20,1
3226,"Antiplatelet",1971-02-23,1
3226,"NSAID",1980-07-05,5
3227,"Antiplatelet",1986-02-26,1
3227,"NSAID",1998-07-23,2
3229,"NSAID",2014-11-22,2
3230,"Antiplatelet",1957-08-13,5
3230,"NSAID",1997-08-03,2
3231,"Antiplatelet",1957-11-22,1
3231,"NSAID",1980-01-01,1
3232,"Antiplatelet",2019-04-29,1
3232,"NSAID",2004-06-27,1
3234,"Antiplatelet",1949-06-19,3
3234,"NSAID",1980-04-06,2
3236,"Anticoagulant",1982-12-24,1
3236,"Antiplatelet",1930-07-28,5
3236,"NSAID",1958-05-12,3
3237,"Antiplatelet",1928-05-02,1
3237,"NSAID",1964-09-15,1
3238,"Antiplatelet",1968-03-23,1
3238,"NSAID",2006-03-11,2
3240,"Antiplatelet",1947-09-15,6
3240,"NSAID",1976-08-11,3
3241,"Antiplatelet",1970-02-11,2
3241,"NSAID",1998-08-08,1
3242,"NSAID",1988-03-06,2
3244,"Antiplatelet",1980-04-02,1
3244,"NSAID",1997-05-24,2
3246,"Antiplatelet",1984-06-27,2
3246,"NSAID",1981-10-28,3
3248,"Anticoagulant",2007-03-30,2
3248,"Antiplatelet",1946-06-08,4
3248,"NSAID",1983-04-20,1
3249,"Antiplatelet",1957-08-13,1
3249,"NSAID",1988-07-01,5
3250,"Antiplatelet",1973-06-14,1
3250,"NSAID",2002-08-16,3
3253,"NSAID",2005-12-31,3
3254,"Antiplatelet",1967-03-26,1
3254,"NSAID",1974-09-04,2
3258,"Antiplatelet",1993-04-15,1
3258,"NSAID",1994-06-14,3
3259,"Antiplatelet",1966-12-23,1
3259,"NSAID",1999-10-11,1
3260,"Antiplatelet",1961-04-27,3
3260,"NSAID",1996-09-14,2
3263,"NSAID",1985-01-27,3
3268,"Antiplatelet",1970-07-06,1
3268,"NSAID",2009-04-17,2
3270,"NSAID",1995-06-13,2
3272,"Antiplatelet",1972-01-14,1
3272,"NSAID",2004-09-18,1
3275,"Antiplatelet",1973-09-28,2
3275,"NSAID",1992-02-21,1
3277,"Antiplatelet",1965-08-23,2
3277,"NSAID",2004-09-12,3
3278,"Antiplatelet",1970-07-25,1
3278,"NSAID",1977-02-02,6
3279,"Antiplatelet",1955-07-25,4
3279,"NSAID",1993-05-11,2
3280,"Antiplatelet",1952-10-07,4
3280,"NSAID",1986-12-18,3
3283,"NSAID",1987-11-24,3
3285,"Antiplatelet",1964-05-17,1
3285,"NSAID",1997-11-25,1
3287,"Antiplatelet",1946-04-01,2
3287,"NSAID",1980-04-17,2
3289,"Antiplatelet",1957-07-15,3
3289,"NSAID",1995-09-29,1
3290,"NSAID",1997-12-06,3
3293,"Antiplatelet",1917-04-19,3
3293,"NSAID",1950-04-26,5
3294,"NSAID",1985-11-23,3
3295,"Anticoagulant",1990-10-08,1
3295,"Antiplatelet",1944-03-31,4
3295,"NSAID",1983-03-22,2
3296,"Antiplatelet",1937-07-22,4
3296,"NSAID",1980-06-26,2
3298,"Antiplatelet",1976-01-12,1
3298,"NSAID",2006-10-30,2
3300,"NSAID",2016-08-16,1
3301,"Antiplatelet",1938-10-02,3
3301,"NSAID",1974-05-11,3
3304,"Antiplatelet",1964-11-29,2
3304,"NSAID",2001-05-19,1
3307,"Antiplatelet",1972-09-15,2
3307,"NSAID",2003-07-05,1
3308,"Antiplatelet",1947-10-08,4
3308,"NSAID",1984-06-15,1
3311,"Antiplatelet",1965-01-03,2
3311,"NSAID",1995-07-05,2
3313,"Antiplatelet",1956-03-16,5
3313,"NSAID",1991-12-28,3
3314,"Antiplatelet",1976-08-25,1
3314,"NSAID",2003-07-20,2
3315,"Antiplatelet",1968-06-28,1
3315,"NSAID",1983-03-08,3
3320,"NSAID",1999-02-02,1
3321,"NSAID",1982-11-15,3
3325,"Antiplatelet",1964-05-12,3
3325,"NSAID",2004-12-23,1
3330,"NSAID",1975-06-29,4
3332,"Antiplatelet",1964-04-03,1
3332,"NSAID",1983-01-01,3
3334,"Antiplatelet",1946-10-20,2
3334,"NSAID",1981-08-07,3
3335,"NSAID",1984-01-23,4
3337,"NSAID",2007-02-15,1
3339,"Antiplatelet",1963-01-25,3
3339,"NSAID",1995-11-23,2
3342,"Anticoagulant",2005-03-30,1
3342,"Antiplatelet",1910-02-02,5
3342,"NSAID",1950-04-18,3
3343,"NSAID",2016-03-08,2
3347,"NSAID",1992-06-19,3
3352,"NSAID",1975-06-28,2
3353,"Antiplatelet",1927-11-12,8
3353,"NSAID",1959-04-08,1
3355,"Antiplatelet",1963-05-03,2
3355,"NSAID",2007-10-09,2
3362,"Antiplatelet",1986-12-11,1
3362,"NSAID",1994-04-17,2
3363,"Antiplatelet",1951-05-01,4
3363,"NSAID",1995-08-08,1
3364,"NSAID",1980-08-02,4
3365,"NSAID",2005-08-11,3
3367,"Antiplatelet",1968-02-06,1
3367,"NSAID",1993-05-25,4
3370,"Antiplatelet",1974-06-16,1
3370,"NSAID",1977-06-14,3
3371,"Antiplatelet",1979-04-15,1
3371,"NSAID",1977-10-17,6
3375,"Antiplatelet",1958-02-03,1
3375,"NSAID",1995-09-11,1
3376,"Antiplatelet",1964-03-29,2
3376,"NSAID",1994-05-06,2
3378,"Antiplatelet",1961-09-11,1
3378,"NSAID",1994-12-03,3
3381,"Antiplatelet",1972-05-04,2
3381,"NSAID",1979-04-19,2
3382,"Antiplatelet",1963-02-10,3
3382,"NSAID",2003-08-29,3
3383,"Antiplatelet",1988-04-06,1
3383,"NSAID",2018-06-03,1
3386,"Antiplatelet",1970-10-22,1
3386,"NSAID",1984-12-31,5
3389,"NSAID",1996-06-08,2
3391,"NSAID",1997-06-10,2
3392,"NSAID",2002-02-10,1
3394,"Antiplatelet",1971-02-03,2
3394,"NSAID",1978-02-13,2
3397,"Antiplatelet",1956-01-16,3
3397,"NSAID",1981-12-25,2
3399,"NSAID",2000-04-09,3
3401,"Antiplatelet",1965-10-14,1
3401,"NSAID",1995-05-31,2
3403,"Antiplatelet",1982-10-19,2
3403,"NSAID",2005-11-22,3
3407,"NSAID",2005-08-02,2
3408,"Antiplatelet",1971-10-25,1
3408,"NSAID",1984-02-19,4
3409,"Antiplatelet",1966-11-15,1
3409,"NSAID",1984-06-04,3
3410,"Antiplatelet",1964-08-13,3
3410,"NSAID",2002-06-20,1
3413,"NSAID",2001-07-07,2
3414,"Antiplatelet",1971-08-06,1
3414,"NSAID",2004-04-04,1
3415,"Antiplatelet",1979-11-22,1
3415,"NSAID",2005-04-14,2
3417,"Antiplatelet",1937-04-20,2
3417,"NSAID",1948-12-28,1
3418,"Antiplatelet",1949-07-17,1
3418,"NSAID",1977-07-30,2
3420,"NSAID",1975-09-02,3
3422,"NSAID",1988-09-24,2
3423,"NSAID",1989-12-02,2
3427,"Antiplatelet",1967-01-01,2
3427,"NSAID",2000-11-13,3
3428,"NSAID",2004-06-04,2
3430,"Antiplatelet",1964-01-31,4
3430,"NSAID",2003-06-20,2
3431,"Antiplatelet",1966-06-21,3
3431,"NSAID",1981-09-05,2
3432,"Antiplatelet",1955-01-22,3
3432,"NSAID",1986-09-25,3
3434,"Antiplatelet",1951-06-06,4
3434,"NSAID",1983-11-05,2
3435,"NSAID",2014-04-27,4
3436,"Antiplatelet",1970-03-05,1
3436,"NSAID",1976-04-23,3
3437,"Antiplatelet",1915-03-13,5
3437,"NSAID",1955-03-03,1
3438,"Antiplatelet",1924-06-27,3
3438,"NSAID",1946-12-29,1
3439,"Anticoagulant",2015-12-10,1
3439,"Antiplatelet",1955-09-08,5
3439,"NSAID",1995-05-06,1
3440,"Antiplatelet",1944-01-29,5
3440,"NSAID",1980-10-21,8
3442,"Antiplatelet",1963-02-14,1
3442,"NSAID",2001-03-24,3
3443,"Antiplatelet",1981-10-28,1
3443,"NSAID",2012-05-19,2
3444,"Antiplatelet",1940-05-23,3
3444,"NSAID",1970-12-12,1
3446,"Antiplatelet",1944-09-08,4
3446,"NSAID",1977-01-23,4
3454,"Antiplatelet",1983-09-11,1
3454,"NSAID",1984-07-11,5
3455,"Antiplatelet",1971-03-17,1
3455,"NSAID",2009-11-02,3
3456,"Antiplatelet",1943-07-08,4
3456,"NSAID",1982-07-13,1
3457,"Antiplatelet",1921-02-07,5
3457,"NSAID",1952-08-13,1
3458,"NSAID",1992-06-03,4
3462,"NSAID",1995-03-09,2
3464,"NSAID",1981-04-09,3
3469,"Antiplatelet",1956-11-09,3
3469,"NSAID",1986-02-08,4
3470,"Antiplatelet",1971-10-28,2
3470,"NSAID",1998-08-03,3
3477,"NSAID",1995-11-25,2
3481,"Antiplatelet",1981-04-09,3
3481,"NSAID",2007-07-02,2
3483,"Antiplatelet",1953-11-20,3
3483,"NSAID",1988-12-31,3
3486,"NSAID",2000-12-24,2
3488,"Antiplatelet",1954-04-20,3
3488,"NSAID",1991-06-29,2
3489,"NSAID",2012-08-09,1
3490,"Antiplatelet",1951-02-13,3
3490,"NSAID",1987-06-21,3
3494,"Antiplatelet",1984-01-27,1
3494,"NSAID",1991-02-03,2
3495,"Antiplatelet",1967-02-19,2
3495,"NSAID",1975-05-25,4
3501,"Antiplatelet",1950-06-22,3
3501,"NSAID",1985-03-09,2
3504,"Antiplatelet",1924-05-07,3
3504,"NSAID",1956-04-29,2
3505,"Antiplatelet",1942-12-06,1
3505,"NSAID",1975-11-13,2
3508,"Antiplatelet",1958-09-03,3
3508,"NSAID",1995-11-09,2
3509,"Antiplatelet",1942-12-12,6
3509,"NSAID",1987-05-25,4
3510,"Antiplatelet",1956-02-16,1
3510,"NSAID",1971-11-14,1
3513,"NSAID",1976-07-26,4
3514,"Antiplatelet",1975-09-13,1
3514,"NSAID",1982-05-30,2
3516,"NSAID",1978-04-09,3
3518,"Antiplatelet",1967-06-12,2
3518,"NSAID",1981-09-29,2
3526,"Antiplatelet",1951-05-21,5
3526,"NSAID",1974-05-09,3
3527,"Antiplatelet",1963-04-04,4
3527,"NSAID",1974-02-19,2
3528,"NSAID",1997-07-09,3
3529,"Antiplatelet",1944-09-23,5
3529,"NSAID",1976-07-07,1
3530,"Antiplatelet",1960-10-15,4
3530,"NSAID",1995-04-30,1
3531,"Antiplatelet",1967-04-28,3
3531,"NSAID",1975-07-15,4
3532,"Antiplatelet",1973-09-13,1
3532,"NSAID",2007-06-23,2
3533,"Antiplatelet",1963-04-23,3
3533,"NSAID",1996-07-03,3
3536,"NSAID",1994-11-24,3
3537,"Antiplatelet",1966-01-30,2
3537,"NSAID",1974-12-05,2
3539,"NSAID",1996-03-23,2
3540,"Antiplatelet",1974-07-27,1
3540,"NSAID",1976-06-28,3
3541,"Antiplatelet",1987-04-08,2
3541,"NSAID",2000-06-26,2
3542,"Antiplatelet",1938-03-29,2
3542,"NSAID",1980-08-05,4
3543,"Antiplatelet",1961-04-30,3
3543,"NSAID",1993-10-24,1
3545,"NSAID",1988-10-13,4
3547,"Antiplatelet",1972-10-30,3
3547,"NSAID",2001-03-02,3
3549,"NSAID",1995-06-15,3
3550,"NSAID",1994-10-11,3
3552,"Antiplatelet",1957-07-13,4
3552,"NSAID",1992-05-25,1
3553,"Antiplatelet",1934-07-20,2
3553,"NSAID",1966-09-20,1
3556,"Antiplatelet",1987-09-28,1
3556,"NSAID",1994-01-24,4
3558,"Antiplatelet",1961-01-16,1
3558,"NSAID",1994-12-09,1
3559,"Antiplatelet",1950-05-23,2
3559,"NSAID",1991-08-06,1
3560,"Antiplatelet",1988-04-12,1
3560,"NSAID",1994-08-14,1
3561,"Anticoagulant",1973-04-16,1
3561,"Antiplatelet",1943-12-04,2
3561,"NSAID",1943-11-09,3
3562,"NSAID",2014-03-28,1
3565,"Antiplatelet",1945-12-24,3
3565,"NSAID",1982-05-14,1
3566,"NSAID",1975-10-27,2
3567,"Antiplatelet",1972-11-29,1
3567,"NSAID",2004-05-10,1
3568,"Antiplatelet",1970-02-23,2
3568,"NSAID",1984-03-16,3
3569,"Antiplatelet",1966-01-26,1
3569,"NSAID",1999-09-10,1
3570,"Antiplatelet",1950-09-26,4
3570,"NSAID",1988-06-08,1
3571,"NSAID",2007-02-01,1
3572,"Antiplatelet",1956-11-16,4
3572,"NSAID",1993-08-29,2
3573,"Antiplatelet",1928-03-02,5
3573,"NSAID",1963-09-30,2
3576,"NSAID",2000-05-21,1
3577,"Antiplatelet",1961-05-28,2
3577,"NSAID",1978-05-29,3
3578,"Antiplatelet",1973-11-25,2
3578,"NSAID",1980-04-22,2
3579,"Antiplatelet",1965-10-26,2
3579,"NSAID",1996-04-21,3
3580,"Antiplatelet",1979-03-18,1
3580,"NSAID",1993-03-16,2
3582,"NSAID",2000-03-07,3
3583,"Antiplatelet",1971-01-24,1
3583,"NSAID",2002-11-12,3
3589,"Antiplatelet",1983-11-14,1
3589,"NSAID",1985-09-24,2
3592,"Antiplatelet",1978-09-07,1
3592,"NSAID",1989-01-12,2
3593,"Anticoagulant",2017-06-14,1
3593,"Antiplatelet",1957-12-18,1
3593,"NSAID",1987-09-03,4
3595,"Antiplatelet",1951-05-04,2
3595,"NSAID",1987-07-29,2
3598,"Antiplatelet",1945-01-20,5
3598,"NSAID",1980-07-05,1
3599,"Antiplatelet",1971-06-09,2
3599,"NSAID",2006-06-10,2
3601,"Antiplatelet",1974-03-02,1
3601,"NSAID",1992-03-27,2
3603,"Antiplatelet",1971-09-08,1
3603,"NSAID",2004-03-23,1
3604,"NSAID",1987-03-02,2
3609,"NSAID",1983-09-04,3
3610,"NSAID",1985-02-10,3
3612,"NSAID",1974-04-05,3
3613,"Antiplatelet",1981-01-15,1
3613,"NSAID",2010-06-05,1
3614,"Antiplatelet",1967-12-19,1
3614,"NSAID",1974-06-25,3
3615,"Antiplatelet",1962-05-30,1
3615,"NSAID",1983-12-11,1
3616,"Antiplatelet",1960-05-15,2
3616,"NSAID",1975-11-23,4
3618,"Antiplatelet",1913-07-05,4
3618,"NSAID",1953-01-31,1
3621,"Antiplatelet",1923-07-06,4
3621,"NSAID",1955-08-27,1
3622,"Anticoagulant",1999-10-27,1
3622,"Antiplatelet",1922-12-20,3
3622,"NSAID",1964-11-29,2
3623,"Antiplatelet",1952-04-04,4
3623,"NSAID",1988-07-24,4
3624,"Antiplatelet",1946-12-31,3
3624,"NSAID",1982-08-14,4
3625,"Anticoagulant",2012-09-04,1
3625,"Antiplatelet",1954-06-09,3
3625,"NSAID",1997-07-18,2
3626,"NSAID",1977-02-05,2
3628,"Antiplatelet",1915-10-23,4
3628,"NSAID",1954-03-07,1
3629,"Antiplatelet",1957-06-13,3
3629,"NSAID",1992-03-02,2
3630,"Antiplatelet",1956-06-06,3
3630,"NSAID",1992-05-23,2
3631,"NSAID",2006-04-19,2
3633,"NSAID",1979-10-03,2
3634,"NSAID",1982-04-21,4
3636,"NSAID",2010-10-23,1
3637,"NSAID",2001-01-21,1
3638,"NSAID",1976-04-23,2
3639,"Anticoagulant",2004-01-31,1
3639,"Antiplatelet",1924-05-31,5
3639,"NSAID",1957-01-18,1
3641,"Antiplatelet",1915-08-18,4
3641,"NSAID",1957-12-10,2
3644,"Antiplatelet",1948-11-12,2
3644,"NSAID",1981-10-25,1
3647,"Antiplatelet",1941-05-28,4
3647,"NSAID",1970-01-01,3
3650,"Antiplatelet",1928-05-20,4
3650,"NSAID",1964-08-09,4
3651,"NSAID",1975-07-04,2
3652,"Antiplatelet",1975-10-11,1
3652,"NSAID",2009-05-23,1
3654,"Antiplatelet",1973-05-23,2
3654,"NSAID",2004-10-17,2
3655,"Antiplatelet",1936-05-26,3
3655,"NSAID",1975-12-08,1
3658,"Antiplatelet",1972-09-02,1
3658,"NSAID",1977-05-09,3
3660,"NSAID",1987-11-29,5
3661,"NSAID",2016-02-18,1
3666,"NSAID",1979-10-08,2
3667,"Antiplatelet",1972-05-15,1
3667,"NSAID",2000-02-14,3
3668,"Antiplatelet",1991-05-09,2
3668,"NSAID",1991-12-13,7
3672,"Antiplatelet",1965-06-05,1
3672,"NSAID",1976-01-09,2
3675,"Antiplatelet",1968-04-11,2
3675,"NSAID",2008-11-22,1
3676,"Antiplatelet",1973-07-29,1
3676,"NSAID",2015-09-22,1
3678,"NSAID",1986-08-19,5
3680,"Antiplatelet",1985-01-01,1
3680,"NSAID",1994-03-15,4
3686,"NSAID",1991-01-18,3
3689,"Anticoagulant",2011-04-04,1
3689,"Antiplatelet",1963-11-17,2
3689,"NSAID",1987-05-11,1
3691,"Antiplatelet",1955-09-07,3
3691,"NSAID",1989-12-24,3
3694,"Anticoagulant",2016-02-23,1
3694,"Antiplatelet",1958-11-30,3
3694,"NSAID",1984-02-22,4
3695,"Anticoagulant",1996-03-20,1
3695,"Antiplatelet",1985-05-29,1
3695,"NSAID",1981-10-26,4
3697,"Antiplatelet",1955-02-01,2
3697,"NSAID",1993-06-06,3
3698,"Antiplatelet",1963-04-02,1
3698,"NSAID",1992-02-09,1
3699,"NSAID",1994-10-12,2
3700,"Antiplatelet",1970-03-13,2
3700,"NSAID",2005-04-13,2
3701,"Antiplatelet",1955-12-16,3
3701,"NSAID",1994-05-10,2
3703,"Antiplatelet",1969-01-22,4
3703,"NSAID",1982-01-24,2
3707,"Antiplatelet",1970-04-07,2
3707,"NSAID",1975-09-27,2
3708,"NSAID",1981-05-12,3
3714,"Anticoagulant",2005-11-09,1
3714,"Antiplatelet",1925-12-28,11
3714,"NSAID",1958-07-28,2
3717,"NSAID",2014-01-19,1
3718,"Antiplatelet",1970-10-11,1
3718,"NSAID",2002-03-10,1
3719,"NSAID",1985-10-09,5
3720,"Antiplatelet",1954-07-05,3
3720,"NSAID",1990-06-11,2
3721,"Antiplatelet",1968-02-03,1
3721,"NSAID",2002-08-27,1
3725,"Antiplatelet",1970-09-23,1
3725,"NSAID",1981-09-16,3
3728,"Antiplatelet",1984-09-09,1
3728,"NSAID",2011-01-21,1
3730,"Antiplatelet",1954-09-28,1
3730,"NSAID",1989-08-10,3
3731,"Antiplatelet",1984-07-27,2
3731,"NSAID",1989-03-31,3
3732,"Antiplatelet",1958-04-02,2
3732,"NSAID",1985-06-09,4
3733,"NSAID",1981-04-08,2
3734,"Antiplatelet",1949-07-12,3
3734,"NSAID",1986-02-28,2
3736,"Antiplatelet",1952-02-29,1
3736,"NSAID",1987-07-20,1
3739,"Antiplatelet",1968-09-07,1
3739,"NSAID",2006-06-11,3
3742,"Antiplatelet",1972-07-04,1
3742,"NSAID",2010-09-18,1
3743,"Antiplatelet",1980-04-14,1
3743,"NSAID",2017-10-23,1
3744,"Antiplatelet",1971-05-22,2
3744,"NSAID",2004-12-09,2
3745,"Antiplatelet",1930-06-10,3
3745,"NSAID",1973-03-21,4
3746,"Antiplatelet",1947-10-19,2
3746,"NSAID",1987-02-11,2
3748,"NSAID",1983-02-20,2
3750,"Antiplatelet",1960-12-18,2
3750,"NSAID",1993-11-10,1
3752,"Antiplatelet",1959-08-04,1
3752,"NSAID",1997-11-17,3
3754,"Antiplatelet",1961-04-25,2
3754,"NSAID",1986-07-16,3
3756,"Antiplatelet",1941-02-19,5
3756,"NSAID",1976-06-25,1
3757,"Antiplatelet",1947-02-11,3
3757,"NSAID",1985-02-01,2
3759,"Antiplatelet",1964-11-07,1
3759,"NSAID",2008-12-21,2
3761,"Antiplatelet",1957-11-12,3
3761,"NSAID",1990-11-29,1
3767,"NSAID",1986-10-08,3
3769,"Antiplatelet",1951-03-18,3
3769,"NSAID",1990-09-04,2
3771,"Antiplatelet",1966-11-13,2
3771,"NSAID",1996-09-11,1
3772,"Antiplatelet",1970-06-10,1
3772,"NSAID",1974-07-04,2
3773,"Antiplatelet",1961-05-16,2
3773,"NSAID",1996-10-09,1
3776,"NSAID",1994-12-30,4
3777,"NSAID",1987-07-10,4
3778,"NSAID",2000-01-14,2
3779,"NSAID",1975-02-07,4
3783,"Antiplatelet",1943-06-19,1
3783,"NSAID",1984-04-09,4
3784,"Antiplatelet",1931-01-04,5
3784,"NSAID",1965-02-14,1
3786,"Antiplatelet",1962-11-18,1
3786,"NSAID",1978-02-27,5
3787,"Antiplatelet",2013-04-13,1
3787,"NSAID",1998-07-20,1
3788,"Antiplatelet",1967-08-26,2
3788,"NSAID",2006-12-14,1
3789,"Antiplatelet",1945-08-11,2
3789,"NSAID",1976-04-15,4
3790,"NSAID",2001-11-03,1
3791,"Anticoagulant",2011-06-25,1
3791,"Antiplatelet",1915-08-24,4
3791,"NSAID",1947-10-10,2
3793,"Antiplatelet",1944-12-01,3
3793,"NSAID",1982-11-07,2
3795,"NSAID",1974-02-08,2
3796,"Antiplatelet",1971-12-23,2
3796,"NSAID",1992-10-31,5
3799,"Antiplatelet",1972-09-18,2
3799,"NSAID",1980-07-08,2
3803,"Antiplatelet",1961-12-04,2
3803,"NSAID",2000-12-09,2
3804,"Antiplatelet",1962-09-18,3
3804,"NSAID",2000-01-28,3
3807,"Antiplatelet",1948-01-14,4
3807,"NSAID",1988-06-27,2
3811,"Antiplatelet",1925-05-04,3
3811,"NSAID",1955-12-13,1
3813,"NSAID",1982-09-11,3
3814,"Antiplatelet",1976-07-23,1
3814,"NSAID",1975-09-27,3
3817,"Antiplatelet",1967-02-07,2
3817,"NSAID",2000-05-29,2
3820,"Antiplatelet",1989-08-16,1
3820,"NSAID",2005-07-23,3
3822,"Anticoagulant",2015-04-27,1
3822,"Antiplatelet",1945-08-21,5
3822,"NSAID",1986-09-30,1
3823,"Anticoagulant",2008-11-05,1
3823,"Antiplatelet",1959-05-20,2
3823,"NSAID",1993-10-23,2
3825,"Antiplatelet",1965-10-11,2
3825,"NSAID",1988-12-14,2
3827,"Antiplatelet",1959-08-10,3
3827,"NSAID",1977-10-09,3
3830,"Antiplatelet",1985-07-11,1
3830,"NSAID",2005-08-11,3
3831,"Antiplatelet",1971-08-20,1
3831,"NSAID",1991-04-11,1
3832,"NSAID",2001-01-26,2
3833,"Antiplatelet",1967-03-21,1
3833,"NSAID",2001-12-07,3
3834,"Antiplatelet",1959-11-12,3
3834,"NSAID",1994-06-27,1
3835,"Antiplatelet",1966-08-14,1
3835,"NSAID",2004-08-29,1
3836,"NSAID",1978-05-10,4
3839,"Antiplatelet",1959-05-09,2
3839,"NSAID",1994-06-24,3
3841,"Antiplatelet",1988-10-29,1
3841,"NSAID",2017-03-01,1
3843,"NSAID",2007-11-19,2
3844,"Antiplatelet",1965-02-22,2
3844,"NSAID",1985-09-03,2
3849,"Antiplatelet",1964-11-15,2
3849,"NSAID",2003-06-29,3
3851,"Antiplatelet",1913-05-20,8
3851,"NSAID",1948-10-08,1
3852,"NSAID",1990-03-17,2
3856,"Antiplatelet",1979-07-22,1
3856,"NSAID",2012-02-05,1
3857,"Antiplatelet",1944-11-29,4
3857,"NSAID",1978-01-15,1
3859,"Anticoagulant",2016-04-16,1
3859,"Antiplatelet",1923-05-14,2
3859,"NSAID",1957-11-26,1
3860,"NSAID",2007-03-22,1
3862,"Antiplatelet",1957-12-22,1
3862,"NSAID",1995-06-11,3
3864,"Antiplatelet",1969-03-20,1
3864,"NSAID",1978-08-30,2
3865,"Antiplatelet",1969-06-20,1
3865,"NSAID",1978-10-01,3
3866,"Antiplatelet",1953-03-24,2
3866,"NSAID",1977-10-31,3
3869,"Antiplatelet",1909-05-17,5
3869,"NSAID",1943-07-03,1
3871,"Antiplatelet",1968-06-12,1
3871,"NSAID",1994-03-28,3
3874,"NSAID",2014-10-06,1
3875,"Antiplatelet",1962-10-28,1
3875,"NSAID",2000-02-01,2
3876,"NSAID",1977-07-28,2
3879,"Antiplatelet",1941-02-06,4
3879,"NSAID",1981-03-23,1
3881,"Antiplatelet",1960-06-30,3
3881,"NSAID",1978-12-23,3
3884,"Antiplatelet",1973-03-22,1
3884,"NSAID",1983-02-26,2
3885,"Antiplatelet",1968-09-06,3
3885,"NSAID",1995-02-11,3
3887,"Antiplatelet",1968-12-08,1
3887,"NSAID",1984-11-14,2
3889,"Anticoagulant",2003-10-12,1
3889,"Antiplatelet",1941-06-23,3
3889,"NSAID",1976-03-21,2
3890,"NSAID",1993-01-28,1
3891,"Antiplatelet",1984-09-14,2
3891,"NSAID",2007-10-14,2
3892,"NSAID",2001-10-03,3
3893,"NSAID",1999-11-15,2
3895,"Antiplatelet",1925-08-26,3
3895,"NSAID",1958-05-20,1
3896,"Antiplatelet",1985-01-28,2
3896,"NSAID",2018-11-11,1
3899,"NSAID",1985-05-31,4
3900,"Antiplatelet",1977-07-11,1
3900,"NSAID",1999-02-16,2
3901,"Antiplatelet",1939-01-02,3
3901,"NSAID",1976-06-26,4
3904,"NSAID",2015-01-04,1
3906,"Antiplatelet",1947-01-28,2
3906,"NSAID",1984-04-28,2
3909,"Antiplatelet",1961-10-17,2
3909,"NSAID",1999-08-29,1
3913,"Antiplatelet",1969-11-10,1
3913,"NSAID",2001-07-05,2
3916,"Antiplatelet",1980-12-22,1
3916,"NSAID",2003-07-23,3
3917,"Anticoagulant",2014-02-27,1
3917,"Antiplatelet",1968-08-02,1
3917,"NSAID",2000-05-21,2
3920,"Antiplatelet",1975-08-30,1
3920,"NSAID",2009-11-10,3
3921,"NSAID",1999-07-10,4
3926,"Antiplatelet",1948-05-26,4
3926,"NSAID",1988-01-07,1
3927,"Antiplatelet",1948-10-19,4
3927,"NSAID",1981-02-08,3
3928,"NSAID",2012-08-17,1
3929,"Antiplatelet",1952-12-01,3
3929,"NSAID",1983-09-04,2
3930,"Antiplatelet",1914-09-28,6
3930,"NSAID",1957-11-06,1
3932,"NSAID",1975-06-17,3
3934,"Antiplatelet",1941-10-01,4
3934,"NSAID",1972-09-23,2
3935,"Antiplatelet",1958-05-25,2
3935,"NSAID",1982-10-16,2
3936,"Antiplatelet",1958-08-07,4
3936,"NSAID",1997-12-15,2
3938,"Antiplatelet",1969-07-11,1
3938,"NSAID",1949-06-06,1
3939,"NSAID",1976-05-09,2
3941,"NSAID",1999-08-01,2
3942,"NSAID",1978-09-17,2
3943,"Antiplatelet",1973-03-14,1
3943,"NSAID",1990-07-24,1
3946,"Antiplatelet",1964-01-01,1
3946,"NSAID",2003-02-25,2
3949,"NSAID",1980-01-19,3
3950,"Antiplatelet",1971-09-26,2
3950,"NSAID",2014-12-04,1
3951,"Antiplatelet",1946-03-13,1
3951,"NSAID",1986-08-30,3
3955,"NSAID",1976-03-20,3
3956,"Antiplatelet",1917-07-25,4
3956,"NSAID",1959-02-10,4
3957,"Antiplatelet",1964-05-07,1
3957,"NSAID",1988-04-01,2
3958,"NSAID",1996-10-07,3
3960,"Antiplatelet",1958-04-16,3
3960,"NSAID",1997-05-21,1
3961,"Antiplatelet",1974-10-29,2
3961,"NSAID",1975-10-31,2
3962,"Antiplatelet",1956-12-17,2
3962,"NSAID",1989-11-24,4
3966,"Antiplatelet",1974-05-02,1
3966,"NSAID",2003-05-20,1
3967,"Antiplatelet",1966-01-30,1
3967,"NSAID",1975-05-30,4
3968,"Anticoagulant",2006-03-31,1
3968,"Antiplatelet",1936-10-29,1
3968,"NSAID",1950-07-18,2
3972,"Antiplatelet",1967-10-26,3
3972,"NSAID",1999-07-25,2
3973,"Anticoagulant",2018-08-30,1
3973,"Antiplatelet",1979-06-28,1
3973,"NSAID",2004-03-03,1
3976,"Antiplatelet",1966-12-28,2
3976,"NSAID",1977-05-25,4
3980,"Antiplatelet",1980-02-28,1
3980,"NSAID",1977-07-13,3
3982,"Antiplatelet",1988-11-18,2
3982,"NSAID",1977-11-21,3
3984,"Anticoagulant",2014-11-26,1
3984,"Antiplatelet",1964-08-27,1
3984,"NSAID",1995-02-01,2
3986,"Antiplatelet",1967-04-26,1
3986,"NSAID",1996-06-07,3
3987,"Anticoagulant",2016-03-05,1
3987,"NSAID",1993-01-21,4
3989,"Antiplatelet",1928-10-27,1
3989,"NSAID",1965-01-11,2
3991,"Antiplatelet",1945-12-28,3
3991,"NSAID",1981-08-11,1
3993,"Antiplatelet",1957-10-09,1
3993,"NSAID",1980-08-09,2
3995,"NSAID",2005-11-21,2
3996,"Antiplatelet",1976-09-01,2
3996,"NSAID",1983-05-19,4
3997,"Antiplatelet",1967-09-17,1
3997,"NSAID",1998-02-25,3
3998,"Antiplatelet",1953-06-10,3
3998,"NSAID",1986-06-22,3
4005,"NSAID",1999-03-14,2
4006,"Antiplatelet",1966-03-09,2
4006,"NSAID",1994-12-25,3
4009,"Antiplatelet",1951-09-03,3
4009,"NSAID",1992-05-15,2
4010,"NSAID",2012-12-17,2
4013,"NSAID",1978-12-17,2
4014,"Antiplatelet",1968-02-24,3
4014,"NSAID",2006-10-02,2
4017,"Anticoagulant",1998-04-09,1
4017,"Antiplatelet",1934-01-17,4
4017,"NSAID",1963-08-13,1
4018,"Antiplatelet",1964-12-20,4
4018,"NSAID",2001-08-08,1
4019,"Antiplatelet",1987-10-31,1
4019,"NSAID",1979-12-28,2
4020,"Antiplatelet",1959-12-11,3
4020,"NSAID",1999-03-11,1
4021,"Antiplatelet",1955-02-11,3
4021,"NSAID",1992-05-22,3
4022,"Antiplatelet",1968-02-01,1
4022,"NSAID",1999-07-28,2
4024,"NSAID",2016-05-08,1
4026,"Antiplatelet",1960-10-12,3
4026,"NSAID",1977-04-16,4
4027,"NSAID",1975-05-30,3
4032,"Anticoagulant",2010-07-20,1
4032,"NSAID",1991-01-22,3
4033,"NSAID",2014-07-25,1
4035,"NSAID",2007-04-02,1
4040,"NSAID",1994-08-17,2
4044,"Antiplatelet",1965-08-05,1
4044,"NSAID",1993-06-19,3
4045,"NSAID",2015-04-27,1
4049,"Antiplatelet",1961-07-03,1
4049,"NSAID",1991-03-28,3
4051,"Antiplatelet",1979-04-15,1
4051,"NSAID",1977-08-15,4
4052,"Antiplatelet",1978-06-04,3
4052,"NSAID",1999-06-28,3
4053,"Antiplatelet",1964-09-11,1
4053,"NSAID",1999-03-07,3
4055,"Antiplatelet",1970-07-29,1
4055,"NSAID",1997-06-28,2
4064,"Antiplatelet",1969-11-18,1
4064,"NSAID",1997-12-16,3
4067,"Antiplatelet",1977-06-23,1
4067,"NSAID",2007-07-01,1
4071,"Antiplatelet",1952-11-01,1
4071,"NSAID",1998-08-07,2
4072,"Antiplatelet",1977-10-21,1
4072,"NSAID",2004-04-16,3
4077,"NSAID",2010-10-14,2
4078,"Antiplatelet",1968-03-09,1
4078,"NSAID",1986-09-15,2
4080,"Antiplatelet",1970-10-03,1
4080,"NSAID",1998-01-30,3
4081,"Antiplatelet",1965-03-20,2
4081,"NSAID",1999-04-21,1
4084,"Antiplatelet",1962-12-13,2
4084,"NSAID",1978-06-22,3
4085,"Antiplatelet",1959-09-29,2
4085,"NSAID",1998-03-13,1
4086,"NSAID",1990-03-19,4
4087,"NSAID",1990-10-16,5
4090,"Anticoagulant",2017-08-14,1
4090,"Antiplatelet",1944-07-10,6
4090,"NSAID",1984-06-30,2
4091,"Antiplatelet",1970-09-11,1
4091,"NSAID",2009-05-29,2
4092,"NSAID",2015-02-12,1
4094,"Antiplatelet",1959-09-02,3
4094,"NSAID",1991-02-26,2
4100,"Antiplatelet",2008-08-27,1
4100,"NSAID",1979-12-21,1
4101,"Antiplatelet",1987-12-30,1
4101,"NSAID",1999-06-07,1
4102,"Antiplatelet",1972-02-14,2
4102,"NSAID",1997-03-14,3
4105,"Antiplatelet",1951-10-12,3
4105,"NSAID",1983-04-12,2
4106,"Antiplatelet",1947-06-16,4
4106,"NSAID",1984-02-07,1
4107,"Antiplatelet",1972-01-12,1
4107,"NSAID",1992-01-19,2
4109,"Antiplatelet",1965-05-30,2
4109,"NSAID",2002-02-10,2
4113,"Antiplatelet",1963-04-11,1
4113,"NSAID",1990-04-10,5
4116,"Antiplatelet",1969-08-13,2
4116,"NSAID",1979-07-05,4
4117,"Antiplatelet",1965-04-16,1
4117,"NSAID",1996-05-29,2
4119,"Antiplatelet",1946-02-12,5
4119,"NSAID",1984-08-26,1
4121,"Antiplatelet",1925-11-18,5
4121,"NSAID",1964-10-19,2
4122,"NSAID",1995-11-25,2
4123,"Antiplatelet",1963-08-14,3
4123,"NSAID",1999-01-07,2
4124,"NSAID",2014-03-01,1
4125,"NSAID",2006-11-28,1
4127,"Antiplatelet",1948-07-23,3
4127,"NSAID",1988-02-04,3
4129,"Antiplatelet",1988-08-24,1
4129,"NSAID",1983-10-05,1
4130,"Anticoagulant",2014-05-08,1
4130,"Antiplatelet",1966-05-25,3
4130,"NSAID",1995-12-07,4
4131,"NSAID",1989-04-04,2
4133,"Antiplatelet",1978-05-21,1
4133,"NSAID",2005-10-31,2
4134,"Antiplatelet",1955-06-16,3
4134,"NSAID",1988-11-15,2
4137,"Antiplatelet",1963-01-15,2
4137,"NSAID",2002-07-09,4
4139,"NSAID",1994-11-30,6
4142,"NSAID",2013-12-14,3
4143,"Antiplatelet",1968-11-08,1
4143,"NSAID",1996-06-27,2
4145,"NSAID",2009-07-18,2
4149,"Antiplatelet",1968-06-22,2
4149,"NSAID",2002-08-05,3
4153,"Antiplatelet",1981-01-18,1
4153,"NSAID",1999-11-01,3
4156,"Antiplatelet",1960-03-06,5
4156,"NSAID",1997-03-02,1
4159,"Antiplatelet",1972-10-30,1
4159,"NSAID",1991-10-06,3
4160,"Antiplatelet",1969-02-28,2
4160,"NSAID",2004-08-08,3
4165,"Antiplatelet",1912-08-11,5
4165,"NSAID",1950-06-28,3
4167,"NSAID",1979-08-16,3
4168,"NSAID",2010-06-12,1
4173,"Antiplatelet",1973-03-24,1
4173,"NSAID",2002-10-23,2
4176,"Antiplatelet",1918-10-01,6
4176,"NSAID",1952-05-20,1
4190,"NSAID",1987-01-13,2
4191,"Antiplatelet",2004-09-17,2
4191,"NSAID",1996-10-25,1
4194,"NSAID",2005-11-19,2
4197,"Antiplatelet",1986-06-20,2
4197,"NSAID",1988-06-14,5
4199,"Antiplatelet",1940-02-17,4
4199,"NSAID",1979-08-06,1
4200,"Antiplatelet",1971-01-05,1
4200,"NSAID",2006-09-23,1
4202,"NSAID",1974-02-28,2
4204,"Antiplatelet",1952-12-01,2
4204,"NSAID",1988-10-23,2
4205,"NSAID",2011-01-13,1
4206,"Antiplatelet",1968-08-23,1
4206,"NSAID",1984-06-12,1
4208,"Antiplatelet",1940-05-15,2
4208,"NSAID",1972-11-13,4
4210,"Antiplatelet",1986-01-07,1
4210,"NSAID",1984-12-18,5
4212,"Antiplatelet",1970-07-28,2
4212,"NSAID",2010-02-03,1
4214,"Antiplatelet",2018-12-18,1
4214,"NSAID",2005-07-13,1
4217,"Antiplatelet",1965-10-05,1
4217,"NSAID",1987-09-10,2
4220,"Antiplatelet",1944-02-18,2
4220,"NSAID",1977-04-05,2
4222,"Antiplatelet",1951-03-08,2
4222,"NSAID",1987-01-28,2
4223,"Antiplatelet",1959-02-01,6
4223,"NSAID",1989-08-05,2
4224,"Antiplatelet",1956-01-24,1
4224,"NSAID",1986-01-19,2
4225,"Antiplatelet",1980-04-29,2
4225,"NSAID",2014-06-20,1
4226,"Antiplatelet",1967-07-16,1
4226,"NSAID",2002-11-28,1
4227,"NSAID",1988-06-29,2
4229,"Antiplatelet",1953-05-17,3
4229,"NSAID",1993-09-24,2
4235,"NSAID",2007-03-09,3
4238,"Antiplatelet",1963-04-23,2
4238,"NSAID",1998-10-21,3
4239,"Antiplatelet",1951-03-14,4
4239,"NSAID",1990-06-07,2
4240,"Antiplatelet",1943-06-11,3
4240,"NSAID",1985-12-02,2
4241,"Antiplatelet",1965-10-22,2
4241,"NSAID",1985-02-28,2
4243,"Antiplatelet",1969-02-12,2
4243,"NSAID",2007-09-26,1
4246,"Antiplatelet",1972-04-30,1
4246,"NSAID",2005-01-12,1
4247,"NSAID",1983-05-18,3
4250,"Antiplatelet",1949-01-11,2
4250,"NSAID",1982-05-13,5
4253,"NSAID",1995-03-09,3
4255,"Antiplatelet",1986-08-30,1
4255,"NSAID",1975-01-18,5
4256,"Anticoagulant",1963-11-14,1
4256,"Antiplatelet",1957-08-29,1
4256,"NSAID",1974-09-10,2
4260,"Antiplatelet",1941-05-14,2
4260,"NSAID",1979-11-11,1
4261,"Anticoagulant",2010-01-24,1
4261,"Antiplatelet",1927-03-16,2
4261,"NSAID",1954-09-25,3
4268,"NSAID",1997-06-23,3
4269,"Antiplatelet",1970-06-28,1
4269,"NSAID",1981-04-14,4
4270,"Antiplatelet",1970-07-30,1
4270,"NSAID",2005-06-26,1
4274,"Antiplatelet",1926-01-29,2
4274,"NSAID",1958-05-31,5
4275,"Antiplatelet",1997-03-02,1
4275,"NSAID",1995-04-01,2
4276,"NSAID",1996-10-30,2
4278,"Antiplatelet",1978-03-18,2
4278,"NSAID",1993-07-26,3
4279,"Antiplatelet",1966-11-14,1
4279,"NSAID",1987-08-16,3
4282,"Antiplatelet",1966-10-03,4
4282,"NSAID",2004-10-13,1
4283,"Antiplatelet",1956-12-20,3
4283,"NSAID",1990-12-15,1
4284,"Antiplatelet",1945-04-21,3
4284,"NSAID",1976-07-17,1
4288,"NSAID",1994-09-17,1
4289,"Antiplatelet",1944-06-08,3
4289,"NSAID",1978-09-28,1
4291,"NSAID",1975-10-25,5
4295,"NSAID",1975-10-01,3
4297,"Anticoagulant",1991-02-19,1
4297,"Antiplatelet",1979-11-01,2
4297,"NSAID",1974-10-28,3
4299,"NSAID",1974-11-17,4
4304,"NSAID",2002-02-19,1
4305,"Antiplatelet",1958-12-17,1
4305,"NSAID",1997-12-27,2
4308,"Antiplatelet",1912-10-20,4
4308,"NSAID",1947-12-31,1
4309,"Antiplatelet",1954-12-02,2
4309,"NSAID",1994-01-16,2
4312,"Antiplatelet",1963-04-09,1
4312,"NSAID",1982-01-06,3
4313,"Antiplatelet",1949-05-09,3
4313,"NSAID",1980-01-27,1
4317,"Antiplatelet",1947-09-04,5
4317,"NSAID",1988-08-14,1
4319,"NSAID",1982-09-12,5
4320,"Anticoagulant",1970-05-14,1
4320,"Antiplatelet",1973-02-11,3
4320,"NSAID",2010-02-07,1
4321,"NSAID",2006-05-13,2
4324,"Antiplatelet",1963-08-30,2
4324,"NSAID",1999-07-27,1
4325,"Antiplatelet",1971-10-18,1
4325,"NSAID",1982-11-03,2
4328,"NSAID",1995-06-22,3
4329,"NSAID",1978-11-28,3
4330,"Antiplatelet",1946-01-21,6
4330,"NSAID",1987-02-25,2
4331,"NSAID",1981-12-08,2
4333,"Antiplatelet",1955-11-15,3
4333,"NSAID",1994-06-03,2
4337,"Antiplatelet",1961-08-08,4
4337,"NSAID",2006-02-13,1
4338,"NSAID",1993-01-28,2
4340,"Antiplatelet",1984-02-13,1
4340,"NSAID",2000-10-07,2
4342,"NSAID",1993-02-16,3
4343,"Antiplatelet",1958-07-29,2
4343,"NSAID",1995-06-20,3
4347,"Antiplatelet",1969-05-24,3
4347,"NSAID",2002-10-18,1
4348,"NSAID",1995-11-07,3
4349,"Antiplatelet",1983-05-01,1
4349,"NSAID",1987-01-10,3
4352,"Antiplatelet",1949-02-24,3
4352,"NSAID",1987-04-11,1
4353,"NSAID",2008-01-09,1
4355,"Antiplatelet",1983-12-16,1
4355,"NSAID",2013-05-14,2
4359,"Antiplatelet",1943-09-08,3
4359,"NSAID",1985-02-14,4
4364,"Antiplatelet",1952-09-21,4
4364,"NSAID",1987-05-16,1
4365,"Anticoagulant",2001-07-23,1
4365,"Antiplatelet",1985-07-08,2
4365,"NSAID",1991-05-29,1
4366,"NSAID",1998-10-20,2
4370,"Antiplatelet",1966-10-06,1
4370,"NSAID",1999-03-24,1
4372,"NSAID",1993-10-27,2
4373,"NSAID",1977-05-30,3
4374,"NSAID",1976-12-16,3
4375,"Anticoagulant",2006-06-25,1
4375,"Antiplatelet",1929-01-30,3
4375,"NSAID",1969-07-19,1
4376,"Anticoagulant",1978-07-18,1
4376,"Antiplatelet",1921-10-24,1
4376,"NSAID",1961-01-07,4
4379,"NSAID",1990-05-28,2
4380,"Antiplatelet",1970-05-19,2
4380,"NSAID",2001-09-28,1
4381,"Antiplatelet",1965-03-29,5
4381,"NSAID",2005-11-04,1
4382,"NSAID",1975-12-20,4
4383,"Antiplatelet",1970-09-07,1
4383,"NSAID",2008-01-22,2
4384,"Antiplatelet",1968-02-11,2
4384,"NSAID",2005-08-25,1
4387,"Antiplatelet",1968-04-02,3
4387,"NSAID",2007-11-24,1
4388,"Antiplatelet",1968-05-11,2
4388,"NSAID",1975-01-15,3
4390,"Antiplatelet",1962-08-19,4
4390,"NSAID",1994-10-15,2
4391,"Antiplatelet",1941-11-04,3
4391,"NSAID",1978-06-18,3
4392,"NSAID",1991-01-02,6
4393,"NSAID",2016-08-28,2
4394,"Antiplatelet",1978-02-18,1
4394,"NSAID",2000-08-12,2
4395,"Antiplatelet",1949-10-26,4
4395,"NSAID",1992-04-13,1
4398,"Antiplatelet",1960-01-13,3
4398,"NSAID",1990-08-08,2
4401,"Antiplatelet",1971-11-20,1
4401,"NSAID",2009-02-08,3
4403,"Antiplatelet",1940-10-01,6
4403,"NSAID",1973-08-09,2
4405,"Antiplatelet",1964-11-13,2
4405,"NSAID",2006-09-24,2
4406,"Antiplatelet",1942-04-21,1
4406,"NSAID",1981-08-29,1
4408,"NSAID",2011-07-14,4
4409,"Antiplatelet",1967-07-18,1
4409,"NSAID",2005-06-28,1
4411,"Antiplatelet",1950-01-20,1
4411,"NSAID",1984-01-22,1
4412,"Antiplatelet",1967-03-14,2
4412,"NSAID",2002-09-11,2
4413,"Antiplatelet",1962-07-01,1
4413,"NSAID",1975-08-22,3
4418,"Antiplatelet",2008-02-01,1
4418,"NSAID",1993-05-07,4
4419,"Antiplatelet",1971-03-06,2
4419,"NSAID",1990-12-31,1
4423,"Antiplatelet",1979-03-04,1
4423,"NSAID",2011-03-01,1
4428,"Antiplatelet",1952-05-13,1
4428,"NSAID",1991-05-04,1
4432,"NSAID",1995-08-03,2
4433,"Anticoagulant",1993-04-10,1
4433,"Antiplatelet",1940-02-11,2
4433,"NSAID",1982-06-25,3
4435,"Antiplatelet",2002-04-15,1
4435,"NSAID",1978-04-03,3
4436,"NSAID",2008-06-01,2
4437,"Antiplatelet",1970-06-15,1
4437,"NSAID",2010-11-14,2
4439,"Antiplatelet",1955-03-08,1
4439,"NSAID",1995-04-12,1
4442,"NSAID",1987-02-14,3
4446,"Antiplatelet",1963-04-14,2
4446,"NSAID",2002-03-05,2
4447,"Antiplatelet",1953-07-11,1
4447,"NSAID",1975-01-17,4
4448,"NSAID",1995-01-20,1
4450,"Antiplatelet",1967-12-10,1
4450,"NSAID",2008-12-19,2
4451,"Antiplatelet",1954-06-26,3
4451,"NSAID",1976-04-01,2
4452,"Antiplatelet",1958-08-16,2
4452,"NSAID",1978-03-23,2
4454,"Anticoagulant",2006-10-07,1
4454,"Antiplatelet",1927-01-23,8
4454,"NSAID",1963-06-08,2
4456,"Antiplatelet",1965-06-18,1
4456,"NSAID",1998-03-07,1
4457,"NSAID",1999-09-27,3
4459,"Antiplatelet",1970-11-13,1
4459,"NSAID",1999-07-11,4
4460,"Antiplatelet",1944-01-18,1
4460,"NSAID",1979-10-21,2
4462,"Antiplatelet",1955-12-30,1
4462,"NSAID",1990-09-12,2
4465,"Antiplatelet",1976-01-11,1
4465,"NSAID",2010-09-04,1
4466,"NSAID",2008-02-09,2
4467,"Antiplatelet",1957-04-27,3
4467,"NSAID",1979-10-21,2
4470,"Antiplatelet",1972-02-08,2
4470,"NSAID",2012-09-20,1
4471,"Antiplatelet",1963-03-28,2
4471,"NSAID",1996-04-03,2
4472,"Antiplatelet",1936-07-06,5
4472,"NSAID",1975-03-19,2
4473,"NSAID",1997-08-07,3
4474,"Antiplatelet",1966-11-18,1
4474,"NSAID",1980-07-07,5
4475,"Antiplatelet",1987-06-04,1
4475,"NSAID",2008-05-14,2
4476,"Antiplatelet",1968-08-15,2
4476,"NSAID",1990-04-06,2
4477,"Antiplatelet",1964-09-16,2
4477,"NSAID",2005-08-27,1
4480,"Antiplatelet",1966-09-02,1
4480,"NSAID",1998-08-10,2
4482,"Antiplatelet",1952-02-12,4
4482,"NSAID",1987-08-27,1
4484,"Anticoagulant",2017-06-08,1
4484,"Antiplatelet",1954-06-29,2
4484,"NSAID",1986-07-26,3
4485,"Antiplatelet",1951-07-09,1
4485,"NSAID",1994-10-16,2
4487,"Antiplatelet",1950-08-29,6
4487,"NSAID",1988-01-22,1
4488,"NSAID",1982-09-27,3
4490,"Antiplatelet",1925-12-22,6
4490,"NSAID",1963-09-04,1
4491,"Antiplatelet",1948-04-02,4
4491,"NSAID",1984-07-22,1
4492,"Antiplatelet",1949-06-21,3
4492,"NSAID",1987-09-10,2
4493,"NSAID",2017-01-29,1
4496,"Antiplatelet",1949-01-01,4
4496,"NSAID",1980-08-21,2
4497,"Antiplatelet",1958-02-17,3
4497,"NSAID",1974-01-11,4
4498,"Antiplatelet",1983-11-19,1
4498,"NSAID",1989-01-21,2
4500,"NSAID",1984-03-16,6
4501,"NSAID",2014-11-10,1
4503,"Anticoagulant",2014-04-01,1
4503,"Antiplatelet",1939-01-07,1
4503,"NSAID",1971-01-04,2
4504,"Anticoagulant",2019-06-22,1
4504,"Antiplatelet",1972-11-17,1
4504,"NSAID",1978-01-20,3
4505,"Antiplatelet",1938-04-12,2
4505,"NSAID",1981-10-23,1
4506,"NSAID",1992-02-28,2
4509,"Antiplatelet",1968-09-22,1
4509,"NSAID",2006-11-07,1
4513,"Antiplatelet",1966-09-25,2
4513,"NSAID",1976-03-27,4
4514,"NSAID",1979-04-16,2
4520,"Antiplatelet",1929-04-28,7
4520,"NSAID",1962-05-15,2
4521,"Anticoagulant",2000-06-08,1
4521,"Antiplatelet",1924-04-02,5
4521,"NSAID",1958-10-11,1
4522,"NSAID",2017-08-16,1
4523,"Antiplatelet",1984-01-13,1
4523,"NSAID",1994-07-24,6
4525,"Antiplatelet",1973-06-03,1
4525,"NSAID",2007-08-04,1
4526,"Antiplatelet",1955-10-13,2
4526,"NSAID",1993-01-17,2
4527,"Antiplatelet",1964-02-20,2
4527,"NSAID",1986-05-25,2
4529,"Antiplatelet",1985-04-25,1
4529,"NSAID",1997-08-30,2
4530,"NSAID",2008-09-20,2
4531,"Antiplatelet",1915-01-26,7
4531,"NSAID",1950-03-13,6
4532,"Antiplatelet",1911-03-08,7
4532,"NSAID",1945-08-26,2
4534,"Antiplatelet",1945-04-19,4
4534,"NSAID",1985-04-09,1
4538,"NSAID",1987-05-22,3
4543,"NSAID",2017-10-13,1
4544,"Antiplatelet",1943-09-03,4
4544,"NSAID",1984-04-25,1
4546,"NSAID",2010-10-31,1
4547,"Antiplatelet",1910-04-11,5
4547,"NSAID",1948-08-24,2
4548,"Antiplatelet",2018-07-03,1
4548,"NSAID",1986-10-07,6
4550,"Antiplatelet",1968-02-23,2
4550,"NSAID",2000-11-13,1
4551,"NSAID",1977-02-25,3
4557,"Antiplatelet",1924-05-27,6
4557,"NSAID",1966-04-22,2
4559,"Antiplatelet",1945-12-14,4
4559,"NSAID",1983-05-29,2
4560,"Antiplatelet",1969-06-23,1
4560,"NSAID",1975-06-22,3
4561,"NSAID",1984-06-22,1
4562,"Antiplatelet",1963-02-17,4
4562,"NSAID",1999-10-06,1
4563,"NSAID",2003-07-21,1
4565,"Antiplatelet",1962-07-14,1
4565,"NSAID",1981-10-17,1
4569,"NSAID",2002-08-01,1
4570,"Antiplatelet",1937-09-20,5
4570,"NSAID",1972-08-02,1
4571,"Antiplatelet",1956-01-17,3
4571,"NSAID",1979-02-06,3
4572,"Antiplatelet",1977-11-08,1
4572,"NSAID",2008-04-25,2
4574,"Antiplatelet",1958-10-02,3
4574,"NSAID",1985-10-15,2
4576,"Antiplatelet",1957-08-12,1
4576,"NSAID",1993-03-31,1
4577,"Antiplatelet",1988-04-04,1
4577,"NSAID",1985-06-06,2
4578,"Antiplatelet",1967-01-09,3
4578,"NSAID",1981-10-20,2
4579,"Antiplatelet",1969-10-01,1
4579,"NSAID",1999-05-14,3
4580,"Antiplatelet",1970-12-05,1
4580,"NSAID",1975-07-12,3
4586,"NSAID",1992-06-01,2
4587,"Antiplatelet",1936-02-07,4
4587,"NSAID",1968-04-24,4
4590,"NSAID",1995-11-24,2
4591,"NSAID",1974-07-25,5
4593,"Antiplatelet",1965-11-29,2
4593,"NSAID",1978-09-21,2
4595,"Antiplatelet",1965-03-28,1
4595,"NSAID",2001-11-14,2
4596,"Anticoagulant",2013-04-14,1
4596,"Antiplatelet",1951-10-16,3
4596,"NSAID",1979-01-27,2
4602,"NSAID",2011-05-21,1
4603,"Antiplatelet",1940-09-23,3
4603,"NSAID",1970-01-24,3
4604,"NSAID",2000-04-21,2
4606,"NSAID",2013-06-03,2
4607,"NSAID",1984-10-13,3
4608,"Antiplatelet",1964-02-27,3
4608,"NSAID",1997-03-25,2
4613,"Antiplatelet",1967-04-17,3
4613,"NSAID",2003-06-27,1
4615,"Antiplatelet",1957-04-09,3
4615,"NSAID",1984-01-09,3
4621,"NSAID",1980-10-22,3
4622,"Antiplatelet",1962-12-20,2
4622,"NSAID",1997-08-03,1
4623,"Antiplatelet",1938-03-28,3
4623,"NSAID",1971-08-22,1
4625,"Antiplatelet",1974-05-19,1
4625,"NSAID",1977-04-17,4
4626,"NSAID",2009-11-09,2
4628,"Antiplatelet",1970-05-05,2
4628,"NSAID",2004-09-05,2
4630,"Antiplatelet",1965-09-15,2
4630,"NSAID",1993-04-07,1
4631,"Antiplatelet",1921-12-24,4
4631,"NSAID",1953-09-17,4
4633,"Anticoagulant",2009-12-01,1
4633,"Antiplatelet",1959-07-23,2
4633,"NSAID",1992-09-07,3
4634,"Antiplatelet",1964-09-11,1
4634,"NSAID",1989-09-17,2
4636,"Antiplatelet",1948-05-08,2
4636,"NSAID",1986-10-26,1
4637,"NSAID",1975-12-12,4
4639,"Antiplatelet",1973-03-06,3
4639,"NSAID",2004-07-01,1
4641,"NSAID",1975-05-02,2
4642,"Antiplatelet",1958-10-01,1
4642,"NSAID",1991-11-06,1
4643,"Antiplatelet",1912-12-27,4
4643,"NSAID",1944-06-22,1
4644,"Antiplatelet",1985-12-01,2
4644,"NSAID",1995-08-16,2
4646,"Anticoagulant",2001-10-02,1
4646,"Antiplatelet",1946-09-16,1
4646,"NSAID",1986-12-15,2
4649,"Antiplatelet",1971-06-14,2
4649,"NSAID",2003-05-28,2
4653,"Antiplatelet",1959-06-22,1
4653,"NSAID",2002-06-17,2
4655,"NSAID",1980-01-14,4
4656,"Antiplatelet",1951-08-02,5
4656,"NSAID",1993-06-12,1
4657,"Antiplatelet",1969-03-24,1
4657,"NSAID",1995-06-06,3
4660,"Antiplatelet",1967-06-01,1
4660,"NSAID",1998-08-12,1
4661,"NSAID",1983-06-10,2
4662,"Anticoagulant",1989-07-27,1
4662,"Antiplatelet",1953-04-21,3
4662,"NSAID",1994-06-10,2
4665,"Antiplatelet",2009-01-31,1
4665,"NSAID",2003-08-20,3
4666,"NSAID",1978-04-03,5
4668,"Antiplatelet",1957-03-31,2
4668,"NSAID",1997-05-20,3
4670,"Antiplatelet",1954-05-30,1
4670,"NSAID",1989-07-15,3
4674,"Antiplatelet",1969-01-17,3
4674,"NSAID",2005-04-28,2
4675,"Anticoagulant",1998-11-29,1
4675,"Antiplatelet",1915-05-12,6
4675,"NSAID",1948-01-09,2
4676,"NSAID",1981-08-21,3
4677,"Antiplatelet",1966-03-01,2
4677,"NSAID",1993-10-13,4
4678,"Antiplatelet",1957-08-13,1
4678,"NSAID",1991-01-02,1
4680,"Antiplatelet",1910-06-11,10
4680,"NSAID",1952-07-25,2
4682,"NSAID",2000-09-09,4
4685,"Antiplatelet",1940-04-01,3
4685,"NSAID",1971-11-20,3
4689,"Antiplatelet",1969-11-13,1
4689,"NSAID",1994-08-07,4
4690,"Antiplatelet",1958-03-31,6
4690,"NSAID",1992-05-04,3
4691,"Antiplatelet",1978-12-29,1
4691,"NSAID",2002-01-12,1
4694,"NSAID",2012-12-24,2
4696,"Antiplatelet",1953-03-03,3
4696,"NSAID",1985-12-25,2
4700,"Antiplatelet",1952-03-17,2
4700,"NSAID",1990-10-24,2
4701,"Antiplatelet",1973-12-22,2
4701,"NSAID",2011-07-10,2
4704,"Antiplatelet",1969-01-01,2
4704,"NSAID",2010-07-25,2
4705,"Antiplatelet",1976-08-23,1
4705,"NSAID",2009-03-23,1
4707,"Antiplatelet",1977-03-19,1
4707,"NSAID",2012-08-12,1
4709,"Antiplatelet",1956-06-06,3
4709,"NSAID",1998-08-15,2
4712,"Anticoagulant",2017-03-17,1
4712,"NSAID",2005-10-01,2
4713,"NSAID",2010-08-14,1
4715,"NSAID",1995-01-14,2
4719,"Antiplatelet",1935-04-01,3
4719,"NSAID",1972-05-11,3
4720,"NSAID",1987-04-19,3
4722,"Antiplatelet",1914-02-18,3
4722,"NSAID",1945-07-25,5
4724,"Antiplatelet",1942-03-03,3
4724,"NSAID",1977-12-14,2
4725,"Antiplatelet",1988-09-07,1
4725,"NSAID",1975-08-19,3
4729,"Antiplatelet",1967-11-07,1
4729,"NSAID",1993-11-20,4
4731,"Antiplatelet",1972-10-27,1
4731,"NSAID",1975-01-15,3
4732,"Antiplatelet",1961-11-19,2
4732,"NSAID",1992-09-27,2
4735,"Antiplatelet",1973-11-30,1
4735,"NSAID",1998-06-22,4
4736,"Antiplatelet",1976-11-06,1
4736,"NSAID",2002-08-23,3
4738,"Antiplatelet",1911-03-11,2
4738,"NSAID",1944-12-27,1
4739,"Antiplatelet",1910-11-22,7
4739,"NSAID",1952-01-31,1
4745,"NSAID",1995-10-03,2
4748,"Antiplatelet",1946-06-28,4
4748,"NSAID",1976-03-27,2
4749,"NSAID",1999-08-01,3
4750,"Antiplatelet",2019-02-13,1
4750,"NSAID",2000-05-15,2
4753,"Antiplatelet",1962-03-04,2
4753,"NSAID",2003-12-09,1
4754,"Antiplatelet",1968-10-29,1
4754,"NSAID",2006-02-02,1
4755,"Antiplatelet",1925-12-02,5
4755,"NSAID",1963-09-19,2
4756,"Antiplatelet",1969-05-25,1
4756,"NSAID",1985-04-16,2
4757,"Antiplatelet",1975-02-17,2
4757,"NSAID",1994-10-05,2
4758,"Antiplatelet",1958-05-08,1
4758,"NSAID",1987-06-05,2
4759,"Antiplatelet",1989-06-16,1
4759,"NSAID",1979-12-01,4
4760,"Antiplatelet",1956-10-16,4
4760,"NSAID",1995-03-06,3
4761,"Antiplatelet",1989-11-14,1
4761,"NSAID",1981-09-27,5
4763,"Antiplatelet",1951-06-18,4
4763,"NSAID",1983-06-21,2
4764,"Antiplatelet",1971-01-08,1
4764,"NSAID",2007-01-29,1
4771,"Antiplatelet",1958-08-24,1
4771,"NSAID",1994-09-29,1
4773,"Antiplatelet",1964-05-27,2
4773,"NSAID",1997-03-30,1
4776,"Anticoagulant",2011-04-24,1
4776,"Antiplatelet",1964-12-22,1
4776,"NSAID",2001-01-17,1
4777,"Antiplatelet",1959-01-08,1
4777,"NSAID",1992-10-16,2
4781,"NSAID",1997-11-07,3
4782,"NSAID",2017-09-07,1
4784,"Antiplatelet",1958-11-10,2
4784,"NSAID",1987-11-08,4
4788,"NSAID",1989-08-11,2
4791,"NSAID",2002-04-21,2
4792,"Antiplatelet",1969-03-11,1
4792,"NSAID",1988-10-27,1
4795,"NSAID",2001-02-27,4
4799,"Antiplatelet",1972-02-15,1
4799,"NSAID",1977-01-10,3
4800,"Antiplatelet",1978-11-30,1
4800,"NSAID",1989-07-27,2
4801,"Antiplatelet",1972-12-15,2
4801,"NSAID",1975-09-15,4
4802,"Antiplatelet",1971-12-05,1
4802,"NSAID",2005-06-20,1
4804,"NSAID",2013-06-25,1
4805,"Antiplatelet",2017-10-27,1
4805,"NSAID",2003-07-01,2
4807,"Antiplatelet",1946-03-24,2
4807,"NSAID",1981-03-10,1
4811,"Antiplatelet",1964-07-22,2
4811,"NSAID",1999-10-25,1
4812,"Antiplatelet",1955-03-12,4
4812,"NSAID",1981-12-16,2
4814,"Antiplatelet",1939-04-26,8
4814,"NSAID",1981-10-17,2
4815,"Antiplatelet",1971-08-27,1
4815,"NSAID",1982-10-28,2
4816,"NSAID",1983-06-02,2
4819,"Antiplatelet",1963-11-30,1
4819,"NSAID",2003-03-30,1
4820,"Antiplatelet",1956-11-20,5
4820,"NSAID",1995-10-07,3
4822,"Antiplatelet",1949-02-15,8
4822,"NSAID",1987-07-31,1
4826,"Antiplatelet",1951-09-07,3
4826,"NSAID",1986-04-16,2
4827,"Antiplatelet",1954-04-16,2
4827,"NSAID",1991-01-17,1
4828,"Antiplatelet",1967-07-09,2
4828,"NSAID",1974-11-28,4
4829,"NSAID",1994-10-10,2
4831,"Antiplatelet",1964-09-08,3
4831,"NSAID",2002-08-05,3
4834,"Antiplatelet",1962-02-04,3
4834,"NSAID",2001-06-05,3
4835,"Antiplatelet",1974-03-10,1
4835,"NSAID",1987-06-30,3
4837,"Anticoagulant",2008-11-18,1
4837,"Antiplatelet",1949-09-17,2
4837,"NSAID",1981-11-03,1
4843,"Antiplatelet",1974-06-17,1
4843,"NSAID",1980-05-16,2
4844,"Antiplatelet",1981-05-15,1
4844,"NSAID",2001-01-06,1
4847,"Antiplatelet",1943-11-29,6
4847,"NSAID",1977-07-08,1
4848,"Antiplatelet",1966-10-01,1
4848,"NSAID",1980-08-16,3
4852,"Antiplatelet",1951-03-11,4
4852,"NSAID",1990-09-17,1
4853,"Antiplatelet",1963-12-14,1
4853,"NSAID",1999-04-20,1
4855,"NSAID",1978-06-07,4
4859,"Anticoagulant",1971-06-05,1
4859,"Antiplatelet",1955-10-17,2
4859,"NSAID",1993-11-01,2
4860,"NSAID",1979-10-24,4
4861,"Antiplatelet",1948-04-23,1
4861,"NSAID",1989-05-14,2
4865,"NSAID",1974-12-26,4
4867,"Antiplatelet",1926-11-01,3
4867,"NSAID",1950-01-14,3
4872,"Antiplatelet",1918-07-14,4
4872,"NSAID",1955-11-07,4
4873,"NSAID",2018-10-24,1
4874,"NSAID",2004-02-11,1
4876,"NSAID",2013-08-28,2
4878,"Antiplatelet",1969-10-21,1
4878,"NSAID",1999-06-15,1
4881,"Antiplatelet",1952-09-18,2
4881,"NSAID",1988-11-18,1
4883,"Antiplatelet",1947-06-14,4
4883,"NSAID",1986-03-31,1
4884,"Antiplatelet",1973-03-20,1
4884,"NSAID",1977-05-15,5
4886,"Antiplatelet",1968-07-22,2
4886,"NSAID",2002-04-15,1
4890,"Anticoagulant",2009-12-09,1
4890,"Antiplatelet",1924-08-24,5
4890,"NSAID",1957-07-02,5
4898,"NSAID",1997-11-22,1
4899,"Antiplatelet",1922-10-19,6
4899,"NSAID",1964-05-01,1
4905,"NSAID",2016-09-04,2
4907,"Antiplatelet",1948-12-18,4
4907,"NSAID",1983-07-02,2
4909,"NSAID",1975-07-16,4
4913,"NSAID",2002-06-04,2
4916,"Antiplatelet",1978-06-24,1
4916,"NSAID",2013-01-06,1
4917,"NSAID",1994-12-16,3
4922,"NSAID",2013-06-15,1
4923,"Antiplatelet",1970-01-01,2
4923,"NSAID",1997-03-08,2
4924,"Antiplatelet",1991-06-02,1
4924,"NSAID",1989-04-15,4
4927,"Antiplatelet",1978-05-18,1
4927,"NSAID",1977-10-20,2
4929,"Antiplatelet",1965-11-25,1
4929,"NSAID",2002-07-24,2
4932,"NSAID",1996-02-23,2
4933,"Antiplatelet",1970-12-30,4
4933,"NSAID",1980-03-03,4
4935,"NSAID",1981-08-26,3
4942,"Anticoagulant",2004-04-29,1
4942,"Antiplatelet",1954-11-25,4
4942,"NSAID",1986-12-07,3
4943,"Antiplatelet",1970-07-05,1
4943,"NSAID",1979-11-15,3
4945,"NSAID",1989-03-06,1
4949,"Antiplatelet",1972-12-20,2
4949,"NSAID",1994-10-26,2
4952,"Antiplatelet",1971-05-15,1
4952,"NSAID",2008-11-01,1
4957,"NSAID",1986-08-14,4
4960,"Antiplatelet",1909-06-16,5
4960,"NSAID",1949-11-28,1
4963,"Antiplatelet",1981-12-28,1
4963,"NSAID",2009-03-21,1
4964,"Antiplatelet",1961-02-07,2
4964,"NSAID",2000-05-23,1
4967,"NSAID",1982-07-08,2
4970,"Antiplatelet",1928-10-18,3
4970,"NSAID",1958-11-25,1
4971,"Antiplatelet",1936-06-25,5
4971,"NSAID",1978-02-10,2
4972,"Antiplatelet",1956-09-13,1
4972,"NSAID",1988-09-20,3
4975,"Antiplatelet",1960-02-04,3
4975,"NSAID",2004-01-14,2
4976,"Antiplatelet",1913-12-07,5
4976,"NSAID",1953-12-22,2
4977,"Anticoagulant",2010-12-07,1
4977,"NSAID",1980-06-01,2
4979,"NSAID",1978-03-15,3
4986,"Anticoagulant",2001-04-29,1
4986,"Antiplatelet",1951-08-16,2
4986,"NSAID",1981-12-06,1
4987,"Antiplatelet",1962-10-06,2
4987,"NSAID",1997-06-04,2
4988,"NSAID",1983-07-30,2
4990,"Antiplatelet",1966-03-04,3
4990,"NSAID",1979-12-21,2
4991,"Antiplatelet",1973-03-31,1
4991,"NSAID",1994-08-04,2
4992,"NSAID",1987-09-03,2
4998,"NSAID",2003-08-16,2
4999,"Anticoagulant",2018-01-21,1
4999,"Antiplatelet",1971-10-01,1
4999,"NSAID",1991-06-28,1
5000,"Antiplatelet",1938-09-22,5
5000,"NSAID",1973-12-02,1
5001,"Antiplatelet",1973-05-05,2
5001,"NSAID",1997-01-03,1
5002,"NSAID",1976-10-06,4
5004,"Antiplatelet",1999-05-11,1
5004,"NSAID",2012-08-21,2
5005,"NSAID",2004-08-31,3
5007,"NSAID",1983-06-25,4
5013,"Antiplatelet",1966-07-12,3
5013,"NSAID",2003-04-11,2
5014,"Antiplatelet",1917-01-20,5
5014,"NSAID",1948-10-19,1
5015,"Antiplatelet",1968-04-05,3
5015,"NSAID",2002-05-19,2
5017,"NSAID",2015-06-27,1
5018,"Antiplatelet",1942-07-03,3
5018,"NSAID",1976-03-30,2
5022,"Antiplatelet",1977-07-10,2
5022,"NSAID",1974-04-29,3
5023,"NSAID",2015-06-12,2
5031,"Antiplatelet",1920-06-06,4
5031,"NSAID",1956-06-17,4
5034,"Antiplatelet",1922-11-08,2
5034,"NSAID",1959-07-27,1
5035,"Anticoagulant",2011-08-15,1
5035,"Antiplatelet",1932-09-19,3
5035,"NSAID",1969-06-07,3
5037,"NSAID",1994-12-14,2
5039,"Antiplatelet",1974-10-21,2
5039,"NSAID",1994-12-17,2
5041,"Antiplatelet",1971-04-23,1
5041,"NSAID",1994-08-20,3
5043,"NSAID",1994-08-26,2
5044,"Antiplatelet",2010-02-03,1
5044,"NSAID",2013-02-13,2
5045,"Antiplatelet",1981-04-26,1
5045,"NSAID",1995-05-14,1
5046,"Antiplatelet",1961-12-10,2
5046,"NSAID",1995-09-22,3
5048,"NSAID",1991-10-06,4
5049,"Antiplatelet",1993-08-16,2
5049,"NSAID",1998-12-08,2
5051,"NSAID",1987-12-02,2
5053,"NSAID",1987-06-05,3
5056,"Antiplatelet",1939-02-19,5
5056,"NSAID",1979-07-04,2
5058,"Antiplatelet",1943-08-05,1
5058,"NSAID",1978-05-18,3
5060,"NSAID",2009-10-09,1
5063,"Antiplatelet",1947-03-04,2
5063,"NSAID",1981-09-11,1
5065,"Antiplatelet",1971-06-01,2
5065,"NSAID",2002-02-23,1
5066,"Antiplatelet",1973-01-06,2
5066,"NSAID",1997-08-17,2
5067,"Antiplatelet",1978-04-03,2
5067,"NSAID",1988-12-06,2
5068,"Anticoagulant",2009-11-28,1
5068,"Antiplatelet",1933-10-07,5
5068,"NSAID",1973-03-26,1
5073,"Anticoagulant",2001-07-14,1
5073,"Antiplatelet",1936-01-08,7
5073,"NSAID",1977-05-17,1
5076,"Antiplatelet",1938-06-06,4
5076,"NSAID",1976-04-17,4
5077,"NSAID",2002-10-29,1
5078,"Antiplatelet",1942-02-17,2
5078,"NSAID",1945-06-06,3
5079,"Antiplatelet",1969-07-28,1
5079,"NSAID",2008-05-19,1
5081,"Antiplatelet",1919-11-05,6
5081,"NSAID",1955-02-14,2
5083,"Antiplatelet",1948-09-12,2
5083,"NSAID",1984-01-27,3
5085,"NSAID",1976-12-08,3
5086,"Antiplatelet",1970-08-21,2
5086,"NSAID",2003-02-20,2
5094,"Antiplatelet",1991-09-25,1
5094,"NSAID",2017-12-07,1
5095,"Antiplatelet",1977-01-22,3
5095,"NSAID",2002-09-17,1
5096,"Antiplatelet",1972-11-12,1
5096,"NSAID",2001-02-14,3
5097,"Antiplatelet",1968-01-22,2
5097,"NSAID",2005-08-05,1
5099,"NSAID",1978-09-18,1
5101,"Antiplatelet",1962-02-01,1
5101,"NSAID",1998-10-10,1
5103,"Antiplatelet",1944-08-06,5
5103,"NSAID",1985-02-12,2
5104,"NSAID",1980-09-09,5
5107,"NSAID",2011-05-19,1
5108,"Antiplatelet",1967-08-20,2
5108,"NSAID",1974-03-14,2
5111,"NSAID",1979-12-06,1
5113,"Antiplatelet",1970-02-08,1
5113,"NSAID",1999-11-20,4
5116,"Antiplatelet",1966-10-16,2
5116,"NSAID",2010-05-03,1
5117,"Antiplatelet",1984-03-23,1
5117,"NSAID",1998-02-13,2
5118,"NSAID",1990-05-19,2
5119,"Antiplatelet",1968-02-06,1
5119,"NSAID",1978-05-14,2
5121,"NSAID",2000-02-01,1
5123,"Antiplatelet",1984-01-02,1
5123,"NSAID",1983-11-03,3
5127,"Antiplatelet",1971-02-11,2
5127,"NSAID",2009-11-13,1
5128,"Anticoagulant",2017-09-20,1
5128,"Antiplatelet",1929-08-25,3
5128,"NSAID",1965-04-23,3
5132,"Antiplatelet",1973-03-04,1
5132,"NSAID",2003-06-15,3
5137,"Antiplatelet",1971-08-29,1
5137,"NSAID",1998-04-21,3
5138,"NSAID",1989-03-17,4
5142,"Antiplatelet",1970-09-04,4
5142,"NSAID",1985-03-19,1
5143,"NSAID",2000-10-20,1
5144,"Antiplatelet",1938-04-19,2
5144,"NSAID",1971-09-03,2
5145,"Antiplatelet",1958-06-26,4
5145,"NSAID",1991-04-24,1
5146,"Antiplatelet",1953-08-19,2
5146,"NSAID",1979-02-13,2
5148,"Antiplatelet",1962-10-03,2
5148,"NSAID",1975-09-16,3
5150,"Antiplatelet",1944-09-15,2
5150,"NSAID",1976-07-19,2
5151,"Antiplatelet",1969-09-09,2
5151,"NSAID",1987-04-13,3
5152,"NSAID",2012-05-13,1
5153,"NSAID",1987-02-05,2
5157,"Anticoagulant",2019-05-16,1
5157,"Antiplatelet",1963-11-07,4
5157,"NSAID",2000-08-19,2
5165,"NSAID",2008-02-20,3
5166,"Antiplatelet",1955-02-22,3
5166,"NSAID",1985-08-23,2
5168,"Antiplatelet",1973-04-27,1
5168,"NSAID",2010-01-07,1
5169,"Antiplatelet",1954-06-26,1
5169,"NSAID",1996-07-05,1
5170,"Antiplatelet",1971-10-13,1
5170,"NSAID",1981-02-04,3
5172,"Antiplatelet",1948-06-16,3
5172,"NSAID",1980-03-15,2
5174,"Antiplatelet",1938-08-21,6
5174,"NSAID",1981-01-07,2
5184,"Antiplatelet",1969-03-16,2
5184,"NSAID",2001-05-01,2
5185,"Antiplatelet",1938-06-30,2
5185,"NSAID",1968-09-20,5
5189,"Antiplatelet",2007-09-09,1
5189,"NSAID",1998-10-28,2
5190,"Antiplatelet",1965-03-09,2
5190,"NSAID",1986-03-17,3
5191,"Antiplatelet",1981-05-20,1
5191,"NSAID",2012-11-27,1
5193,"Anticoagulant",2015-09-24,1
5193,"Antiplatelet",1964-06-05,3
5193,"NSAID",2001-08-05,2
5194,"Antiplatelet",1946-05-17,5
5194,"NSAID",1982-08-26,2
5195,"Antiplatelet",1963-12-28,1
5195,"NSAID",1995-05-29,1
5196,"Antiplatelet",1956-02-08,2
5196,"NSAID",1993-04-09,2
5197,"Anticoagulant",1962-06-05,1
5197,"Antiplatelet",1954-02-15,4
5197,"NSAID",1995-09-28,2
5199,"Antiplatelet",1966-08-23,2
5199,"NSAID",1975-01-20,3
5200,"Antiplatelet",1960-08-20,1
5200,"NSAID",1974-05-21,3
5201,"NSAID",1979-06-29,2
5203,"Antiplatelet",1938-03-31,4
5203,"NSAID",1973-02-25,1
5206,"Antiplatelet",1982-08-16,1
5206,"NSAID",2017-10-26,1
5207,"Antiplatelet",1957-12-31,2
5207,"NSAID",1980-12-05,2
5210,"Antiplatelet",1975-05-20,1
5210,"NSAID",1996-09-26,3
5213,"Antiplatelet",1941-03-02,2
5213,"NSAID",1977-11-23,3
5215,"Antiplatelet",1941-04-08,3
5215,"NSAID",1978-07-14,6
5222,"Anticoagulant",2004-02-12,1
5222,"Antiplatelet",1919-03-11,6
5222,"NSAID",1961-03-25,1
5223,"Antiplatelet",1970-09-06,1
5223,"NSAID",2004-10-27,1
5228,"Antiplatelet",1938-02-04,6
5228,"NSAID",1968-12-03,2
5229,"Antiplatelet",1963-11-26,5
5229,"NSAID",1989-10-06,3
5230,"Antiplatelet",1961-09-06,1
5230,"NSAID",1981-02-13,3
5232,"Antiplatelet",1972-06-12,1
5232,"NSAID",2011-04-09,2
5233,"Antiplatelet",1958-10-08,1
5233,"NSAID",1980-04-20,3
5234,"Antiplatelet",1937-09-27,6
5234,"NSAID",1979-07-14,1
5235,"Anticoagulant",1981-12-12,1
5235,"Antiplatelet",1922-10-16,6
5235,"NSAID",1960-05-29,1
5236,"NSAID",1976-10-09,5
5239,"Antiplatelet",1966-07-22,3
5239,"NSAID",1997-03-11,2
5240,"Antiplatelet",1939-08-26,3
5240,"NSAID",1975-06-14,5
5241,"Antiplatelet",1981-10-21,1
5241,"NSAID",1976-01-13,4
5242,"Anticoagulant",2018-08-31,1
5242,"NSAID",1997-12-20,2
5245,"NSAID",1989-09-07,3
5249,"Antiplatelet",1951-08-21,5
5249,"NSAID",1988-05-13,1
5251,"Antiplatelet",1923-03-24,5
5251,"NSAID",1962-03-09,1
5252,"Antiplatelet",1969-10-01,3
5252,"NSAID",1995-11-09,3
5253,"NSAID",1996-01-14,3
5255,"Antiplatelet",1961-05-17,4
5255,"NSAID",1996-05-28,4
5256,"NSAID",1988-04-14,2
5257,"Antiplatelet",1980-01-04,1
5257,"NSAID",2014-03-21,2
5258,"Antiplatelet",1958-11-27,3
5258,"NSAID",1999-07-10,1
5259,"Antiplatelet",1972-10-13,1
5259,"NSAID",1999-11-06,3
5262,"NSAID",2007-01-29,3
5264,"NSAID",1978-11-02,2
5265,"Antiplatelet",1970-12-08,2
5265,"NSAID",1982-08-21,3
5267,"Antiplatelet",1968-06-26,1
5267,"NSAID",2006-01-08,1
5268,"Antiplatelet",1965-09-25,1
5268,"NSAID",2004-01-04,2
5272,"NSAID",1952-05-31,1
5274,"NSAID",1989-11-13,2
5276,"Anticoagulant",2009-12-27,1
5276,"Antiplatelet",1958-02-18,2
5276,"NSAID",1994-05-13,3
5277,"Antiplatelet",1955-12-31,2
5277,"NSAID",1996-12-14,3
5278,"Antiplatelet",1984-12-16,1
5278,"NSAID",2013-10-15,1
5279,"Antiplatelet",1963-04-28,1
5279,"NSAID",1985-01-02,1
5283,"NSAID",1978-04-07,3
5284,"NSAID",1997-04-13,2
5285,"Antiplatelet",1943-06-04,4
5285,"NSAID",1980-12-16,1
5290,"Antiplatelet",1954-11-01,3
5290,"NSAID",1995-05-15,2
5291,"NSAID",2008-03-29,2
5295,"Antiplatelet",1910-05-27,5
5295,"NSAID",1943-02-08,3
5298,"Antiplatelet",1975-12-21,2
5298,"NSAID",1973-12-06,2
5299,"Antiplatelet",1988-11-10,1
5299,"NSAID",1994-09-10,3
5300,"Anticoagulant",1945-02-13,1
5300,"Antiplatelet",1942-11-17,1
5300,"NSAID",1981-09-03,2
5301,"Anticoagulant",1999-01-07,1
5301,"Antiplatelet",1921-10-22,6
5301,"NSAID",1953-01-12,1
5302,"Antiplatelet",1973-05-25,1
5302,"NSAID",2010-07-15,1
5306,"Antiplatelet",1969-03-20,1
5306,"NSAID",2013-01-22,2
5309,"Antiplatelet",1953-04-18,6
5309,"NSAID",1993-05-08,2
5312,"Antiplatelet",1939-09-26,5
5312,"NSAID",1973-06-14,2
5314,"Antiplatelet",1951-11-19,2
5314,"NSAID",1992-10-04,1
5315,"Antiplatelet",1916-09-16,4
5315,"NSAID",1957-03-25,1
5316,"Antiplatelet",1960-11-16,1
5316,"NSAID",1993-03-30,3
5317,"NSAID",2014-05-20,1
5322,"Antiplatelet",1947-06-21,5
5322,"NSAID",1982-06-02,2
5325,"Antiplatelet",1946-06-05,4
5325,"NSAID",1985-08-14,3
5328,"Antiplatelet",1910-02-26,4
5328,"NSAID",1945-04-08,2
5329,"Antiplatelet",1946-10-03,1
5329,"NSAID",1980-09-04,4
5331,"NSAID",2004-09-03,1
5333,"Antiplatelet",1950-12-25,2
5333,"NSAID",1986-08-13,2
5334,"Antiplatelet",1966-10-19,1
5334,"NSAID",2001-01-30,2
5335,"Antiplatelet",1964-03-22,2
5335,"NSAID",1992-10-01,1
5337,"Antiplatelet",1971-12-14,2
5337,"NSAID",1974-12-15,3
5343,"NSAID",1986-02-15,2
